solid OpenSCAD_Model
  facet normal -0.9415 -0.337014 0
    outer loop
      vertex -19.6955 -10.5307 0
      vertex -19.8278 -10.1611 10
      vertex -19.8278 -10.1611 0
    endloop
  endfacet
  facet normal -0.9415 -0.337014 0
    outer loop
      vertex -19.8278 -10.1611 10
      vertex -19.6955 -10.5307 0
      vertex -19.6955 -10.5307 10
    endloop
  endfacet
  facet normal 0.0491626 0.998791 -0
    outer loop
      vertex -13.6079 12.9807 0
      vertex -14 13 10
      vertex -13.6079 12.9807 10
    endloop
  endfacet
  facet normal 0.0491626 0.998791 0
    outer loop
      vertex -14 13 10
      vertex -13.6079 12.9807 0
      vertex -14 13 0
    endloop
  endfacet
  facet normal -0.595794 -0.803137 0
    outer loop
      vertex -18.5376 -12.092 0
      vertex -18.2223 -12.3259 10
      vertex -18.5376 -12.092 10
    endloop
  endfacet
  facet normal -0.595794 -0.803137 -0
    outer loop
      vertex -18.2223 -12.3259 10
      vertex -18.5376 -12.092 0
      vertex -18.2223 -12.3259 0
    endloop
  endfacet
  facet normal -0.998791 0.0491664 0
    outer loop
      vertex -20 9 0
      vertex -19.9807 9.39207 10
      vertex -19.9807 9.39207 0
    endloop
  endfacet
  facet normal -0.998791 0.0491664 0
    outer loop
      vertex -19.9807 9.39207 10
      vertex -20 9 0
      vertex -20 9 10
    endloop
  endfacet
  facet normal -0.998791 -0.0491664 0
    outer loop
      vertex -19.9807 -9.39207 0
      vertex -20 -9 10
      vertex -20 -9 0
    endloop
  endfacet
  facet normal -0.998791 -0.0491664 0
    outer loop
      vertex -20 -9 10
      vertex -19.9807 -9.39207 0
      vertex -19.9807 -9.39207 10
    endloop
  endfacet
  facet normal -0.0491626 0.998791 0
    outer loop
      vertex -16 13 0
      vertex -16.3921 12.9807 10
      vertex -16 13 10
    endloop
  endfacet
  facet normal -0.0491626 0.998791 0
    outer loop
      vertex -16.3921 12.9807 10
      vertex -16 13 0
      vertex -16.3921 12.9807 0
    endloop
  endfacet
  facet normal -0.989176 0.146737 0
    outer loop
      vertex -19.9807 9.39207 0
      vertex -19.9231 9.78036 10
      vertex -19.9231 9.78036 0
    endloop
  endfacet
  facet normal -0.989176 0.146737 0
    outer loop
      vertex -19.9231 9.78036 10
      vertex -19.9807 9.39207 0
      vertex -19.9807 9.39207 10
    endloop
  endfacet
  facet normal 0.243263 -0.96996 0
    outer loop
      vertex -13.2196 -12.9231 0
      vertex -13.1255 -12.8995 10
      vertex -13.2196 -12.9231 10
    endloop
  endfacet
  facet normal 0.243263 -0.96996 0
    outer loop
      vertex -13.1255 -12.8995 10
      vertex -13.2196 -12.9231 0
      vertex -13.1255 -12.8995 0
    endloop
  endfacet
  facet normal -0.85774 -0.514084 0
    outer loop
      vertex -19.3259 -11.2223 0
      vertex -19.5277 -10.8856 10
      vertex -19.5277 -10.8856 0
    endloop
  endfacet
  facet normal -0.85774 -0.514084 0
    outer loop
      vertex -19.5277 -10.8856 10
      vertex -19.3259 -11.2223 0
      vertex -19.3259 -11.2223 10
    endloop
  endfacet
  facet normal -0.514084 0.85774 0
    outer loop
      vertex -17.8856 12.5277 0
      vertex -18.2223 12.3259 10
      vertex -17.8856 12.5277 10
    endloop
  endfacet
  facet normal -0.514084 0.85774 0
    outer loop
      vertex -18.2223 12.3259 10
      vertex -17.8856 12.5277 0
      vertex -18.2223 12.3259 0
    endloop
  endfacet
  facet normal -0.42744 0.904044 0
    outer loop
      vertex -17.5307 12.6955 0
      vertex -17.8856 12.5277 10
      vertex -17.5307 12.6955 10
    endloop
  endfacet
  facet normal -0.42744 0.904044 0
    outer loop
      vertex -17.8856 12.5277 10
      vertex -17.5307 12.6955 0
      vertex -17.8856 12.5277 0
    endloop
  endfacet
  facet normal -0.740908 -0.671607 0
    outer loop
      vertex -18.8284 -11.8284 0
      vertex -19.092 -11.5376 10
      vertex -19.092 -11.5376 0
    endloop
  endfacet
  facet normal -0.740908 -0.671607 0
    outer loop
      vertex -19.092 -11.5376 10
      vertex -18.8284 -11.8284 0
      vertex -18.8284 -11.8284 10
    endloop
  endfacet
  facet normal -1 0 0
    outer loop
      vertex -20 9 0
      vertex -20 5 5
      vertex -20 9 10
    endloop
  endfacet
  facet normal -1 0 0
    outer loop
      vertex -20 9 0
      vertex -20 4.99278 4.85297
      vertex -20 5 5
    endloop
  endfacet
  facet normal -1 0 0
    outer loop
      vertex -20 9 0
      vertex -20 4.97118 4.70737
      vertex -20 4.99278 4.85297
    endloop
  endfacet
  facet normal -1 0 0
    outer loop
      vertex -20 9 0
      vertex -20 4.93541 4.56457
      vertex -20 4.97118 4.70737
    endloop
  endfacet
  facet normal -1 0 0
    outer loop
      vertex -20 9 0
      vertex -20 4.88582 4.42598
      vertex -20 4.93541 4.56457
    endloop
  endfacet
  facet normal -1 0 0
    outer loop
      vertex -20 9 0
      vertex -20 4.82288 4.29291
      vertex -20 4.88582 4.42598
    endloop
  endfacet
  facet normal -1 0 0
    outer loop
      vertex -20 9 0
      vertex -20 4.7472 4.16665
      vertex -20 4.82288 4.29291
    endloop
  endfacet
  facet normal -1 0 0
    outer loop
      vertex -20 9 0
      vertex -20 4.65952 4.04841
      vertex -20 4.7472 4.16665
    endloop
  endfacet
  facet normal -1 0 0
    outer loop
      vertex -20 9 0
      vertex -20 4.56066 3.93934
      vertex -20 4.65952 4.04841
    endloop
  endfacet
  facet normal -1 0 0
    outer loop
      vertex -20 9 0
      vertex -20 4.45159 3.84048
      vertex -20 4.56066 3.93934
    endloop
  endfacet
  facet normal -1 0 0
    outer loop
      vertex -20 9 0
      vertex -20 4.33335 3.7528
      vertex -20 4.45159 3.84048
    endloop
  endfacet
  facet normal -1 0 0
    outer loop
      vertex -20 9 0
      vertex -20 4.20709 3.67712
      vertex -20 4.33335 3.7528
    endloop
  endfacet
  facet normal -1 0 0
    outer loop
      vertex -20 9 0
      vertex -20 4.07402 3.61418
      vertex -20 4.20709 3.67712
    endloop
  endfacet
  facet normal -1 0 0
    outer loop
      vertex -20 9 0
      vertex -20 3.93543 3.56459
      vertex -20 4.07402 3.61418
    endloop
  endfacet
  facet normal -1 0 0
    outer loop
      vertex -20 9 0
      vertex -20 3.79263 3.52882
      vertex -20 3.93543 3.56459
    endloop
  endfacet
  facet normal -1 0 0
    outer loop
      vertex -20 9 0
      vertex -20 3.64703 3.50722
      vertex -20 3.79263 3.52882
    endloop
  endfacet
  facet normal -1 0 0
    outer loop
      vertex -20 9 0
      vertex -20 3.5 3.5
      vertex -20 3.64703 3.50722
    endloop
  endfacet
  facet normal -1 0 0
    outer loop
      vertex -20 9 0
      vertex -20 -3.5 3.5
      vertex -20 3.5 3.5
    endloop
  endfacet
  facet normal -1 0 0
    outer loop
      vertex -20 -9 0
      vertex -20 -3.5 3.5
      vertex -20 9 0
    endloop
  endfacet
  facet normal -1 -0 0
    outer loop
      vertex -20 -3.5 3.5
      vertex -20 -9 0
      vertex -20 -3.64703 3.50722
    endloop
  endfacet
  facet normal -1 -0 0
    outer loop
      vertex -20 -3.64703 3.50722
      vertex -20 -9 0
      vertex -20 -3.79263 3.52882
    endloop
  endfacet
  facet normal -1 -0 0
    outer loop
      vertex -20 -4.99278 4.85297
      vertex -20 -9 0
      vertex -20 -5 5
    endloop
  endfacet
  facet normal -1 -0 0
    outer loop
      vertex -20 -4.97118 4.70737
      vertex -20 -9 0
      vertex -20 -4.99278 4.85297
    endloop
  endfacet
  facet normal -1 -0 0
    outer loop
      vertex -20 -4.93541 4.56457
      vertex -20 -9 0
      vertex -20 -4.97118 4.70737
    endloop
  endfacet
  facet normal -1 -0 0
    outer loop
      vertex -20 -4.88582 4.42598
      vertex -20 -9 0
      vertex -20 -4.93541 4.56457
    endloop
  endfacet
  facet normal -1 -0 0
    outer loop
      vertex -20 -4.82288 4.29291
      vertex -20 -9 0
      vertex -20 -4.88582 4.42598
    endloop
  endfacet
  facet normal -1 -0 0
    outer loop
      vertex -20 -4.7472 4.16665
      vertex -20 -9 0
      vertex -20 -4.82288 4.29291
    endloop
  endfacet
  facet normal -1 -0 0
    outer loop
      vertex -20 -4.65952 4.04841
      vertex -20 -9 0
      vertex -20 -4.7472 4.16665
    endloop
  endfacet
  facet normal -1 -0 0
    outer loop
      vertex -20 -4.56066 3.93934
      vertex -20 -9 0
      vertex -20 -4.65952 4.04841
    endloop
  endfacet
  facet normal -1 -0 0
    outer loop
      vertex -20 -4.45159 3.84048
      vertex -20 -9 0
      vertex -20 -4.56066 3.93934
    endloop
  endfacet
  facet normal -1 -0 0
    outer loop
      vertex -20 -4.33335 3.7528
      vertex -20 -9 0
      vertex -20 -4.45159 3.84048
    endloop
  endfacet
  facet normal -1 -0 0
    outer loop
      vertex -20 -4.20709 3.67712
      vertex -20 -9 0
      vertex -20 -4.33335 3.7528
    endloop
  endfacet
  facet normal -1 -0 0
    outer loop
      vertex -20 -4.07402 3.61418
      vertex -20 -9 0
      vertex -20 -4.20709 3.67712
    endloop
  endfacet
  facet normal -1 -0 0
    outer loop
      vertex -20 -3.93543 3.56459
      vertex -20 -9 0
      vertex -20 -4.07402 3.61418
    endloop
  endfacet
  facet normal -1 -0 0
    outer loop
      vertex -20 -3.79263 3.52882
      vertex -20 -9 0
      vertex -20 -3.93543 3.56459
    endloop
  endfacet
  facet normal -1 0 0
    outer loop
      vertex -20 4.99278 5.14703
      vertex -20 9 10
      vertex -20 5 5
    endloop
  endfacet
  facet normal -1 0 0
    outer loop
      vertex -20 4.97118 5.29263
      vertex -20 9 10
      vertex -20 4.99278 5.14703
    endloop
  endfacet
  facet normal -1 0 0
    outer loop
      vertex -20 4.93541 5.43543
      vertex -20 9 10
      vertex -20 4.97118 5.29263
    endloop
  endfacet
  facet normal -1 0 0
    outer loop
      vertex -20 4.88582 5.57402
      vertex -20 9 10
      vertex -20 4.93541 5.43543
    endloop
  endfacet
  facet normal -1 0 0
    outer loop
      vertex -20 4.82288 5.70709
      vertex -20 9 10
      vertex -20 4.88582 5.57402
    endloop
  endfacet
  facet normal -1 0 0
    outer loop
      vertex -20 4.7472 5.83335
      vertex -20 9 10
      vertex -20 4.82288 5.70709
    endloop
  endfacet
  facet normal -1 0 0
    outer loop
      vertex -20 4.65952 5.95159
      vertex -20 9 10
      vertex -20 4.7472 5.83335
    endloop
  endfacet
  facet normal -1 0 0
    outer loop
      vertex -20 4.56066 6.06066
      vertex -20 9 10
      vertex -20 4.65952 5.95159
    endloop
  endfacet
  facet normal -1 0 0
    outer loop
      vertex -20 4.45159 6.15952
      vertex -20 9 10
      vertex -20 4.56066 6.06066
    endloop
  endfacet
  facet normal -1 0 0
    outer loop
      vertex -20 4.33335 6.2472
      vertex -20 9 10
      vertex -20 4.45159 6.15952
    endloop
  endfacet
  facet normal -1 0 0
    outer loop
      vertex -20 4.20709 6.32288
      vertex -20 9 10
      vertex -20 4.33335 6.2472
    endloop
  endfacet
  facet normal -1 0 0
    outer loop
      vertex -20 4.07402 6.38582
      vertex -20 9 10
      vertex -20 4.20709 6.32288
    endloop
  endfacet
  facet normal -1 0 0
    outer loop
      vertex -20 3.93543 6.43541
      vertex -20 9 10
      vertex -20 4.07402 6.38582
    endloop
  endfacet
  facet normal -1 0 0
    outer loop
      vertex -20 3.79263 6.47118
      vertex -20 9 10
      vertex -20 3.93543 6.43541
    endloop
  endfacet
  facet normal -1 0 0
    outer loop
      vertex -20 3.64703 6.49278
      vertex -20 9 10
      vertex -20 3.79263 6.47118
    endloop
  endfacet
  facet normal -1 0 0
    outer loop
      vertex -20 3.5 6.5
      vertex -20 9 10
      vertex -20 3.64703 6.49278
    endloop
  endfacet
  facet normal -1 0 0
    outer loop
      vertex -20 -3.5 6.5
      vertex -20 9 10
      vertex -20 3.5 6.5
    endloop
  endfacet
  facet normal -1 0 0
    outer loop
      vertex -20 -9 10
      vertex -20 -3.5 6.5
      vertex -20 -3.64703 6.49278
    endloop
  endfacet
  facet normal -1 0 0
    outer loop
      vertex -20 -9 10
      vertex -20 -3.64703 6.49278
      vertex -20 -3.79263 6.47118
    endloop
  endfacet
  facet normal -1 0 0
    outer loop
      vertex -20 -9 10
      vertex -20 -3.79263 6.47118
      vertex -20 -3.93543 6.43541
    endloop
  endfacet
  facet normal -1 0 0
    outer loop
      vertex -20 -9 10
      vertex -20 -5 5
      vertex -20 -9 0
    endloop
  endfacet
  facet normal -1 0 0
    outer loop
      vertex -20 -5 5
      vertex -20 -9 10
      vertex -20 -4.99278 5.14703
    endloop
  endfacet
  facet normal -1 0 0
    outer loop
      vertex -20 -4.99278 5.14703
      vertex -20 -9 10
      vertex -20 -4.97118 5.29263
    endloop
  endfacet
  facet normal -1 0 0
    outer loop
      vertex -20 -4.97118 5.29263
      vertex -20 -9 10
      vertex -20 -4.93541 5.43543
    endloop
  endfacet
  facet normal -1 0 0
    outer loop
      vertex -20 -4.93541 5.43543
      vertex -20 -9 10
      vertex -20 -4.88582 5.57402
    endloop
  endfacet
  facet normal -1 0 0
    outer loop
      vertex -20 -4.88582 5.57402
      vertex -20 -9 10
      vertex -20 -4.82288 5.70709
    endloop
  endfacet
  facet normal -1 0 0
    outer loop
      vertex -20 -3.5 6.5
      vertex -20 -9 10
      vertex -20 9 10
    endloop
  endfacet
  facet normal -1 0 0
    outer loop
      vertex -20 -4.07402 6.38582
      vertex -20 -9 10
      vertex -20 -3.93543 6.43541
    endloop
  endfacet
  facet normal -1 0 0
    outer loop
      vertex -20 -4.20709 6.32288
      vertex -20 -9 10
      vertex -20 -4.07402 6.38582
    endloop
  endfacet
  facet normal -1 0 0
    outer loop
      vertex -20 -4.33335 6.2472
      vertex -20 -9 10
      vertex -20 -4.20709 6.32288
    endloop
  endfacet
  facet normal -1 0 0
    outer loop
      vertex -20 -4.45159 6.15952
      vertex -20 -9 10
      vertex -20 -4.33335 6.2472
    endloop
  endfacet
  facet normal -1 0 0
    outer loop
      vertex -20 -4.56066 6.06066
      vertex -20 -9 10
      vertex -20 -4.45159 6.15952
    endloop
  endfacet
  facet normal -1 0 0
    outer loop
      vertex -20 -4.65952 5.95159
      vertex -20 -9 10
      vertex -20 -4.56066 6.06066
    endloop
  endfacet
  facet normal -1 0 0
    outer loop
      vertex -20 -4.7472 5.83335
      vertex -20 -9 10
      vertex -20 -4.65952 5.95159
    endloop
  endfacet
  facet normal -1 0 0
    outer loop
      vertex -20 -4.82288 5.70709
      vertex -20 -9 10
      vertex -20 -4.7472 5.83335
    endloop
  endfacet
  facet normal -0.337014 -0.9415 0
    outer loop
      vertex -17.5307 -12.6955 0
      vertex -17.1611 -12.8278 10
      vertex -17.5307 -12.6955 10
    endloop
  endfacet
  facet normal -0.337014 -0.9415 -0
    outer loop
      vertex -17.1611 -12.8278 10
      vertex -17.5307 -12.6955 0
      vertex -17.1611 -12.8278 0
    endloop
  endfacet
  facet normal 0 -1 0
    outer loop
      vertex -16 -13 0
      vertex -14 -13 10
      vertex -16 -13 10
    endloop
  endfacet
  facet normal 0 -1 -0
    outer loop
      vertex -14 -13 10
      vertex -16 -13 0
      vertex -14 -13 0
    endloop
  endfacet
  facet normal 0.146733 0.989176 -0
    outer loop
      vertex -13.2196 12.9231 0
      vertex -13.6079 12.9807 10
      vertex -13.2196 12.9231 10
    endloop
  endfacet
  facet normal 0.146733 0.989176 0
    outer loop
      vertex -13.6079 12.9807 10
      vertex -13.2196 12.9231 0
      vertex -13.6079 12.9807 0
    endloop
  endfacet
  facet normal -0.242835 0.970068 0
    outer loop
      vertex -16.7804 12.9231 0
      vertex -17.1611 12.8278 10
      vertex -16.7804 12.9231 10
    endloop
  endfacet
  facet normal -0.242835 0.970068 0
    outer loop
      vertex -17.1611 12.8278 10
      vertex -16.7804 12.9231 0
      vertex -17.1611 12.8278 0
    endloop
  endfacet
  facet normal -0.904044 -0.42744 0
    outer loop
      vertex -19.5277 -10.8856 0
      vertex -19.6955 -10.5307 10
      vertex -19.6955 -10.5307 0
    endloop
  endfacet
  facet normal -0.904044 -0.42744 0
    outer loop
      vertex -19.6955 -10.5307 10
      vertex -19.5277 -10.8856 0
      vertex -19.5277 -10.8856 10
    endloop
  endfacet
  facet normal -0.146733 0.989176 0
    outer loop
      vertex -16.3921 12.9807 0
      vertex -16.7804 12.9231 10
      vertex -16.3921 12.9807 10
    endloop
  endfacet
  facet normal -0.146733 0.989176 0
    outer loop
      vertex -16.7804 12.9231 10
      vertex -16.3921 12.9807 0
      vertex -16.7804 12.9231 0
    endloop
  endfacet
  facet normal -0.146733 -0.989176 0
    outer loop
      vertex -16.7804 -12.9231 0
      vertex -16.3921 -12.9807 10
      vertex -16.7804 -12.9231 10
    endloop
  endfacet
  facet normal -0.146733 -0.989176 -0
    outer loop
      vertex -16.3921 -12.9807 10
      vertex -16.7804 -12.9231 0
      vertex -16.3921 -12.9807 0
    endloop
  endfacet
  facet normal -0.42744 -0.904044 0
    outer loop
      vertex -17.8856 -12.5277 0
      vertex -17.5307 -12.6955 10
      vertex -17.8856 -12.5277 10
    endloop
  endfacet
  facet normal -0.42744 -0.904044 -0
    outer loop
      vertex -17.5307 -12.6955 10
      vertex -17.8856 -12.5277 0
      vertex -17.5307 -12.6955 0
    endloop
  endfacet
  facet normal 0.0491626 -0.998791 0
    outer loop
      vertex -14 -13 0
      vertex -13.6079 -12.9807 10
      vertex -14 -13 10
    endloop
  endfacet
  facet normal 0.0491626 -0.998791 0
    outer loop
      vertex -13.6079 -12.9807 10
      vertex -14 -13 0
      vertex -13.6079 -12.9807 0
    endloop
  endfacet
  facet normal -0.0491626 -0.998791 0
    outer loop
      vertex -16.3921 -12.9807 0
      vertex -16 -13 10
      vertex -16.3921 -12.9807 10
    endloop
  endfacet
  facet normal -0.0491626 -0.998791 -0
    outer loop
      vertex -16 -13 10
      vertex -16.3921 -12.9807 0
      vertex -16 -13 0
    endloop
  endfacet
  facet normal -0.595794 0.803137 0
    outer loop
      vertex -18.2223 12.3259 0
      vertex -18.5376 12.092 10
      vertex -18.2223 12.3259 10
    endloop
  endfacet
  facet normal -0.595794 0.803137 0
    outer loop
      vertex -18.5376 12.092 10
      vertex -18.2223 12.3259 0
      vertex -18.5376 12.092 0
    endloop
  endfacet
  facet normal -0.803137 -0.595794 0
    outer loop
      vertex -19.092 -11.5376 0
      vertex -19.3259 -11.2223 10
      vertex -19.3259 -11.2223 0
    endloop
  endfacet
  facet normal -0.803137 -0.595794 0
    outer loop
      vertex -19.3259 -11.2223 10
      vertex -19.092 -11.5376 0
      vertex -19.092 -11.5376 10
    endloop
  endfacet
  facet normal -0.671607 -0.740908 0
    outer loop
      vertex -18.8284 -11.8284 0
      vertex -18.5376 -12.092 10
      vertex -18.8284 -11.8284 10
    endloop
  endfacet
  facet normal -0.671607 -0.740908 -0
    outer loop
      vertex -18.5376 -12.092 10
      vertex -18.8284 -11.8284 0
      vertex -18.5376 -12.092 0
    endloop
  endfacet
  facet normal -0.904044 0.42744 0
    outer loop
      vertex -19.6955 10.5307 0
      vertex -19.5277 10.8856 10
      vertex -19.5277 10.8856 0
    endloop
  endfacet
  facet normal -0.904044 0.42744 0
    outer loop
      vertex -19.5277 10.8856 10
      vertex -19.6955 10.5307 0
      vertex -19.6955 10.5307 10
    endloop
  endfacet
  facet normal 0 0 1
    outer loop
      vertex 16.9424 8.58527 10
      vertex 20 9 10
      vertex 19.9807 9.39207 10
    endloop
  endfacet
  facet normal 0 0 1
    outer loop
      vertex 20 9 10
      vertex 17 8 10
      vertex 20 -9 10
    endloop
  endfacet
  facet normal 0 0 1
    outer loop
      vertex 16.8708 8.87085 10
      vertex 19.9807 9.39207 10
      vertex 19.9231 9.78036 10
    endloop
  endfacet
  facet normal -0 0 1
    outer loop
      vertex 17 -8 10
      vertex 20 -9 10
      vertex 17 8 10
    endloop
  endfacet
  facet normal 0 0 1
    outer loop
      vertex 16.7716 9.14805 10
      vertex 19.9231 9.78036 10
      vertex 19.8278 10.1611 10
    endloop
  endfacet
  facet normal -0 0 1
    outer loop
      vertex 16.9856 -8.29405 10
      vertex 20 -9 10
      vertex 17 -8 10
    endloop
  endfacet
  facet normal 0 0 1
    outer loop
      vertex 16.7716 9.14805 10
      vertex 19.8278 10.1611 10
      vertex 19.6955 10.5307 10
    endloop
  endfacet
  facet normal -0 0 1
    outer loop
      vertex 16.9424 -8.58527 10
      vertex 20 -9 10
      vertex 16.9856 -8.29405 10
    endloop
  endfacet
  facet normal 0 0 1
    outer loop
      vertex 16.6458 9.41419 10
      vertex 19.6955 10.5307 10
      vertex 19.5277 10.8856 10
    endloop
  endfacet
  facet normal 0 0 1
    outer loop
      vertex 20 -9 10
      vertex 16.9424 -8.58527 10
      vertex 19.9807 -9.39207 10
    endloop
  endfacet
  facet normal 0 0 1
    outer loop
      vertex 16.6458 9.41419 10
      vertex 19.5277 10.8856 10
      vertex 19.3259 11.2223 10
    endloop
  endfacet
  facet normal -0 0 1
    outer loop
      vertex 16.8708 -8.87085 10
      vertex 19.9807 -9.39207 10
      vertex 16.9424 -8.58527 10
    endloop
  endfacet
  facet normal 0 0 1
    outer loop
      vertex 16.4944 9.66671 10
      vertex 19.3259 11.2223 10
      vertex 19.092 11.5376 10
    endloop
  endfacet
  facet normal 0 0 1
    outer loop
      vertex 19.9807 -9.39207 10
      vertex 16.8708 -8.87085 10
      vertex 19.9231 -9.78036 10
    endloop
  endfacet
  facet normal 0 0 1
    outer loop
      vertex 16.4944 9.66671 10
      vertex 19.092 11.5376 10
      vertex 18.8284 11.8284 10
    endloop
  endfacet
  facet normal -0 0 1
    outer loop
      vertex 16.7716 -9.14805 10
      vertex 19.9231 -9.78036 10
      vertex 16.8708 -8.87085 10
    endloop
  endfacet
  facet normal 0 0 1
    outer loop
      vertex 16.319 9.90318 10
      vertex 18.8284 11.8284 10
      vertex 18.5376 12.092 10
    endloop
  endfacet
  facet normal 0 0 1
    outer loop
      vertex 19.9231 -9.78036 10
      vertex 16.7716 -9.14805 10
      vertex 19.8278 -10.1611 10
    endloop
  endfacet
  facet normal 0 0 1
    outer loop
      vertex 16.319 9.90318 10
      vertex 18.5376 12.092 10
      vertex 18.2223 12.3259 10
    endloop
  endfacet
  facet normal 0 0 1
    outer loop
      vertex 19.8278 -10.1611 10
      vertex 16.7716 -9.14805 10
      vertex 19.6955 -10.5307 10
    endloop
  endfacet
  facet normal 0 0 1
    outer loop
      vertex 16.1213 10.1213 10
      vertex 18.2223 12.3259 10
      vertex 17.8856 12.5277 10
    endloop
  endfacet
  facet normal -0 0 1
    outer loop
      vertex 16.6458 -9.41419 10
      vertex 19.6955 -10.5307 10
      vertex 16.7716 -9.14805 10
    endloop
  endfacet
  facet normal 0 0 1
    outer loop
      vertex 16.1213 10.1213 10
      vertex 17.8856 12.5277 10
      vertex 17.5307 12.6955 10
    endloop
  endfacet
  facet normal 0 0 1
    outer loop
      vertex 19.6955 -10.5307 10
      vertex 16.6458 -9.41419 10
      vertex 19.5277 -10.8856 10
    endloop
  endfacet
  facet normal 0 0 1
    outer loop
      vertex 15.9032 10.319 10
      vertex 17.5307 12.6955 10
      vertex 17.1611 12.8278 10
    endloop
  endfacet
  facet normal 0 0 1
    outer loop
      vertex 19.5277 -10.8856 10
      vertex 16.6458 -9.41419 10
      vertex 19.3259 -11.2223 10
    endloop
  endfacet
  facet normal -0 0 1
    outer loop
      vertex 16.4944 -9.66671 10
      vertex 19.3259 -11.2223 10
      vertex 16.6458 -9.41419 10
    endloop
  endfacet
  facet normal 0 0 1
    outer loop
      vertex 20 9 10
      vertex 16.9856 8.29405 10
      vertex 17 8 10
    endloop
  endfacet
  facet normal 0 0 1
    outer loop
      vertex 20 9 10
      vertex 16.9424 8.58527 10
      vertex 16.9856 8.29405 10
    endloop
  endfacet
  facet normal 0 0 1
    outer loop
      vertex 19.9807 9.39207 10
      vertex 16.8708 8.87085 10
      vertex 16.9424 8.58527 10
    endloop
  endfacet
  facet normal 0 0 1
    outer loop
      vertex 15.9032 10.319 10
      vertex 17.1611 12.8278 10
      vertex 16.7804 12.9231 10
    endloop
  endfacet
  facet normal 0 0 1
    outer loop
      vertex 19.9231 9.78036 10
      vertex 16.7716 9.14805 10
      vertex 16.8708 8.87085 10
    endloop
  endfacet
  facet normal 0 0 1
    outer loop
      vertex 19.6955 10.5307 10
      vertex 16.6458 9.41419 10
      vertex 16.7716 9.14805 10
    endloop
  endfacet
  facet normal 0 0 1
    outer loop
      vertex 19.3259 11.2223 10
      vertex 16.4944 9.66671 10
      vertex 16.6458 9.41419 10
    endloop
  endfacet
  facet normal 0 0 1
    outer loop
      vertex 15.6667 10.4944 10
      vertex 16.7804 12.9231 10
      vertex 16.3921 12.9807 10
    endloop
  endfacet
  facet normal 0 0 1
    outer loop
      vertex 18.8284 11.8284 10
      vertex 16.319 9.90318 10
      vertex 16.4944 9.66671 10
    endloop
  endfacet
  facet normal 0 0 1
    outer loop
      vertex 18.2223 12.3259 10
      vertex 16.1213 10.1213 10
      vertex 16.319 9.90318 10
    endloop
  endfacet
  facet normal 0 0 1
    outer loop
      vertex 15.4142 10.6458 10
      vertex 16.3921 12.9807 10
      vertex 16 13 10
    endloop
  endfacet
  facet normal 0 0 1
    outer loop
      vertex 17.5307 12.6955 10
      vertex 15.9032 10.319 10
      vertex 16.1213 10.1213 10
    endloop
  endfacet
  facet normal 0 0 1
    outer loop
      vertex 16.7804 12.9231 10
      vertex 15.6667 10.4944 10
      vertex 15.9032 10.319 10
    endloop
  endfacet
  facet normal 0 0 1
    outer loop
      vertex 16.3921 12.9807 10
      vertex 15.4142 10.6458 10
      vertex 15.6667 10.4944 10
    endloop
  endfacet
  facet normal 0 0 1
    outer loop
      vertex 16 13 10
      vertex 15.148 10.7716 10
      vertex 15.4142 10.6458 10
    endloop
  endfacet
  facet normal 0 0 1
    outer loop
      vertex 16 13 10
      vertex 14.8709 10.8708 10
      vertex 15.148 10.7716 10
    endloop
  endfacet
  facet normal 0 0 1
    outer loop
      vertex 16 13 10
      vertex 14.5853 10.9424 10
      vertex 14.8709 10.8708 10
    endloop
  endfacet
  facet normal -0 0 1
    outer loop
      vertex 14 13 10
      vertex 14.5853 10.9424 10
      vertex 16 13 10
    endloop
  endfacet
  facet normal 0 0 1
    outer loop
      vertex 14.5853 10.9424 10
      vertex 14 13 10
      vertex 14.2941 10.9856 10
    endloop
  endfacet
  facet normal 0 0 1
    outer loop
      vertex 14 13 10
      vertex 14 11 10
      vertex 14.2941 10.9856 10
    endloop
  endfacet
  facet normal -0 0 1
    outer loop
      vertex 13.6079 12.9807 10
      vertex 14 11 10
      vertex 14 13 10
    endloop
  endfacet
  facet normal -0 0 1
    outer loop
      vertex 13.2196 12.9231 10
      vertex 14 11 10
      vertex 13.6079 12.9807 10
    endloop
  endfacet
  facet normal -0 0 1
    outer loop
      vertex 13.1255 12.8995 10
      vertex 14 11 10
      vertex 13.2196 12.9231 10
    endloop
  endfacet
  facet normal 0 0 1
    outer loop
      vertex 12.7779 13.1573 10
      vertex 14 11 10
      vertex 13.1255 12.8995 10
    endloop
  endfacet
  facet normal 0 0 1
    outer loop
      vertex 12.357 13.4096 10
      vertex 14 11 10
      vertex 12.7779 13.1573 10
    endloop
  endfacet
  facet normal 0 0 1
    outer loop
      vertex 11.9134 13.6194 10
      vertex 14 11 10
      vertex 12.357 13.4096 10
    endloop
  endfacet
  facet normal 0 0 1
    outer loop
      vertex 11.4514 13.7847 10
      vertex 14 11 10
      vertex 11.9134 13.6194 10
    endloop
  endfacet
  facet normal 0 0 1
    outer loop
      vertex 10.9755 13.9039 10
      vertex 14 11 10
      vertex 11.4514 13.7847 10
    endloop
  endfacet
  facet normal 0 0 1
    outer loop
      vertex 10.4901 13.9759 10
      vertex 14 11 10
      vertex 10.9755 13.9039 10
    endloop
  endfacet
  facet normal 0 0 1
    outer loop
      vertex 10 14 10
      vertex 14 11 10
      vertex 10.4901 13.9759 10
    endloop
  endfacet
  facet normal -0 0 1
    outer loop
      vertex -10 14 10
      vertex 14 11 10
      vertex 10 14 10
    endloop
  endfacet
  facet normal 0 0 1
    outer loop
      vertex -14 11 10
      vertex -10 14 10
      vertex -10.4901 13.9759 10
    endloop
  endfacet
  facet normal 0 0 1
    outer loop
      vertex -14 11 10
      vertex -10.4901 13.9759 10
      vertex -10.9755 13.9039 10
    endloop
  endfacet
  facet normal 0 0 1
    outer loop
      vertex -14 11 10
      vertex -10.9755 13.9039 10
      vertex -11.4514 13.7847 10
    endloop
  endfacet
  facet normal 0 0 1
    outer loop
      vertex -14 11 10
      vertex -11.4514 13.7847 10
      vertex -11.9134 13.6194 10
    endloop
  endfacet
  facet normal 0 0 1
    outer loop
      vertex -14 11 10
      vertex -11.9134 13.6194 10
      vertex -12.357 13.4096 10
    endloop
  endfacet
  facet normal 0 0 1
    outer loop
      vertex -14 11 10
      vertex -12.357 13.4096 10
      vertex -12.7779 13.1573 10
    endloop
  endfacet
  facet normal 0 0 1
    outer loop
      vertex -14 11 10
      vertex -12.7779 13.1573 10
      vertex -13.1255 12.8995 10
    endloop
  endfacet
  facet normal 0 0 1
    outer loop
      vertex -14 11 10
      vertex -13.2196 12.9231 10
      vertex -13.6079 12.9807 10
    endloop
  endfacet
  facet normal 0 0 1
    outer loop
      vertex -14 11 10
      vertex -13.6079 12.9807 10
      vertex -14 13 10
    endloop
  endfacet
  facet normal 0 0 1
    outer loop
      vertex -10 14 10
      vertex -14 11 10
      vertex 14 11 10
    endloop
  endfacet
  facet normal 0 0 1
    outer loop
      vertex -13.2196 12.9231 10
      vertex -14 11 10
      vertex -13.1255 12.8995 10
    endloop
  endfacet
  facet normal 0 0 1
    outer loop
      vertex -14 13 10
      vertex -14.2941 10.9856 10
      vertex -14 11 10
    endloop
  endfacet
  facet normal 0 0 1
    outer loop
      vertex -14 13 10
      vertex -14.5853 10.9424 10
      vertex -14.2941 10.9856 10
    endloop
  endfacet
  facet normal -0 0 1
    outer loop
      vertex -16 13 10
      vertex -14.5853 10.9424 10
      vertex -14 13 10
    endloop
  endfacet
  facet normal 0 0 1
    outer loop
      vertex -14.5853 10.9424 10
      vertex -16 13 10
      vertex -14.8709 10.8708 10
    endloop
  endfacet
  facet normal 0 0 1
    outer loop
      vertex -14.8709 10.8708 10
      vertex -16 13 10
      vertex -15.148 10.7716 10
    endloop
  endfacet
  facet normal 0 0 1
    outer loop
      vertex -15.148 10.7716 10
      vertex -16 13 10
      vertex -15.4142 10.6458 10
    endloop
  endfacet
  facet normal -0 0 1
    outer loop
      vertex -16.3921 12.9807 10
      vertex -15.4142 10.6458 10
      vertex -16 13 10
    endloop
  endfacet
  facet normal 0 0 1
    outer loop
      vertex -15.4142 10.6458 10
      vertex -16.3921 12.9807 10
      vertex -15.6667 10.4944 10
    endloop
  endfacet
  facet normal -0 0 1
    outer loop
      vertex -16.7804 12.9231 10
      vertex -15.6667 10.4944 10
      vertex -16.3921 12.9807 10
    endloop
  endfacet
  facet normal 0 0 1
    outer loop
      vertex -15.6667 10.4944 10
      vertex -16.7804 12.9231 10
      vertex -15.9032 10.319 10
    endloop
  endfacet
  facet normal -0 0 1
    outer loop
      vertex -17.1611 12.8278 10
      vertex -15.9032 10.319 10
      vertex -16.7804 12.9231 10
    endloop
  endfacet
  facet normal -0 0 1
    outer loop
      vertex -17.5307 12.6955 10
      vertex -15.9032 10.319 10
      vertex -17.1611 12.8278 10
    endloop
  endfacet
  facet normal 0 0 1
    outer loop
      vertex -15.9032 10.319 10
      vertex -17.5307 12.6955 10
      vertex -16.1213 10.1213 10
    endloop
  endfacet
  facet normal -0 0 1
    outer loop
      vertex -17.8856 12.5277 10
      vertex -16.1213 10.1213 10
      vertex -17.5307 12.6955 10
    endloop
  endfacet
  facet normal -0 0 1
    outer loop
      vertex -18.2223 12.3259 10
      vertex -16.1213 10.1213 10
      vertex -17.8856 12.5277 10
    endloop
  endfacet
  facet normal 0 0 1
    outer loop
      vertex -16.1213 10.1213 10
      vertex -18.2223 12.3259 10
      vertex -16.319 9.90318 10
    endloop
  endfacet
  facet normal -0 0 1
    outer loop
      vertex -18.5376 12.092 10
      vertex -16.319 9.90318 10
      vertex -18.2223 12.3259 10
    endloop
  endfacet
  facet normal -0 0 1
    outer loop
      vertex -18.8284 11.8284 10
      vertex -16.319 9.90318 10
      vertex -18.5376 12.092 10
    endloop
  endfacet
  facet normal 0 0 1
    outer loop
      vertex -16.319 9.90318 10
      vertex -18.8284 11.8284 10
      vertex -16.4944 9.66671 10
    endloop
  endfacet
  facet normal -0 0 1
    outer loop
      vertex -19.3259 11.2223 10
      vertex -16.4944 9.66671 10
      vertex -19.092 11.5376 10
    endloop
  endfacet
  facet normal -0 0 1
    outer loop
      vertex -19.092 11.5376 10
      vertex -16.4944 9.66671 10
      vertex -18.8284 11.8284 10
    endloop
  endfacet
  facet normal 0 0 1
    outer loop
      vertex 19.3259 -11.2223 10
      vertex 16.4944 -9.66671 10
      vertex 19.092 -11.5376 10
    endloop
  endfacet
  facet normal 0 0 1
    outer loop
      vertex 19.092 -11.5376 10
      vertex 16.4944 -9.66671 10
      vertex 18.8284 -11.8284 10
    endloop
  endfacet
  facet normal -0 0 1
    outer loop
      vertex 16.319 -9.90318 10
      vertex 18.8284 -11.8284 10
      vertex 16.4944 -9.66671 10
    endloop
  endfacet
  facet normal 0 0 1
    outer loop
      vertex 18.8284 -11.8284 10
      vertex 16.319 -9.90318 10
      vertex 18.5376 -12.092 10
    endloop
  endfacet
  facet normal 0 0 1
    outer loop
      vertex 18.5376 -12.092 10
      vertex 16.319 -9.90318 10
      vertex 18.2223 -12.3259 10
    endloop
  endfacet
  facet normal -0 0 1
    outer loop
      vertex 16.1213 -10.1213 10
      vertex 18.2223 -12.3259 10
      vertex 16.319 -9.90318 10
    endloop
  endfacet
  facet normal 0 0 1
    outer loop
      vertex 18.2223 -12.3259 10
      vertex 16.1213 -10.1213 10
      vertex 17.8856 -12.5277 10
    endloop
  endfacet
  facet normal 0 0 1
    outer loop
      vertex 17.8856 -12.5277 10
      vertex 16.1213 -10.1213 10
      vertex 17.5307 -12.6955 10
    endloop
  endfacet
  facet normal -0 0 1
    outer loop
      vertex 15.9032 -10.319 10
      vertex 17.5307 -12.6955 10
      vertex 16.1213 -10.1213 10
    endloop
  endfacet
  facet normal 0 0 1
    outer loop
      vertex 17.5307 -12.6955 10
      vertex 15.9032 -10.319 10
      vertex 17.1611 -12.8278 10
    endloop
  endfacet
  facet normal 0 0 1
    outer loop
      vertex 17.1611 -12.8278 10
      vertex 15.9032 -10.319 10
      vertex 16.7804 -12.9231 10
    endloop
  endfacet
  facet normal -0 0 1
    outer loop
      vertex 15.6667 -10.4944 10
      vertex 16.7804 -12.9231 10
      vertex 15.9032 -10.319 10
    endloop
  endfacet
  facet normal 0 0 1
    outer loop
      vertex 16.7804 -12.9231 10
      vertex 15.6667 -10.4944 10
      vertex 16.3921 -12.9807 10
    endloop
  endfacet
  facet normal -0 0 1
    outer loop
      vertex 15.4142 -10.6458 10
      vertex 16.3921 -12.9807 10
      vertex 15.6667 -10.4944 10
    endloop
  endfacet
  facet normal 0 0 1
    outer loop
      vertex 16.3921 -12.9807 10
      vertex 15.4142 -10.6458 10
      vertex 16 -13 10
    endloop
  endfacet
  facet normal -0 0 1
    outer loop
      vertex 15.148 -10.7716 10
      vertex 16 -13 10
      vertex 15.4142 -10.6458 10
    endloop
  endfacet
  facet normal -0 0 1
    outer loop
      vertex 14.8709 -10.8708 10
      vertex 16 -13 10
      vertex 15.148 -10.7716 10
    endloop
  endfacet
  facet normal -0 0 1
    outer loop
      vertex 14.5853 -10.9424 10
      vertex 16 -13 10
      vertex 14.8709 -10.8708 10
    endloop
  endfacet
  facet normal 0 0 1
    outer loop
      vertex 14 -13 10
      vertex 14.5853 -10.9424 10
      vertex 14.2941 -10.9856 10
    endloop
  endfacet
  facet normal 0 0 1
    outer loop
      vertex 14 -13 10
      vertex 14.2941 -10.9856 10
      vertex 14 -11 10
    endloop
  endfacet
  facet normal 0 0 1
    outer loop
      vertex 14.5853 -10.9424 10
      vertex 14 -13 10
      vertex 16 -13 10
    endloop
  endfacet
  facet normal 0 0 1
    outer loop
      vertex 14 -11 10
      vertex 13.6079 -12.9807 10
      vertex 14 -13 10
    endloop
  endfacet
  facet normal 0 0 1
    outer loop
      vertex 14 -11 10
      vertex 13.2196 -12.9231 10
      vertex 13.6079 -12.9807 10
    endloop
  endfacet
  facet normal 0 0 1
    outer loop
      vertex 14 -11 10
      vertex 13.1255 -12.8995 10
      vertex 13.2196 -12.9231 10
    endloop
  endfacet
  facet normal 0 0 1
    outer loop
      vertex 14 -11 10
      vertex 12.7779 -13.1573 10
      vertex 13.1255 -12.8995 10
    endloop
  endfacet
  facet normal 0 0 1
    outer loop
      vertex 14 -11 10
      vertex 12.357 -13.4096 10
      vertex 12.7779 -13.1573 10
    endloop
  endfacet
  facet normal 0 0 1
    outer loop
      vertex 14 -11 10
      vertex 11.9134 -13.6194 10
      vertex 12.357 -13.4096 10
    endloop
  endfacet
  facet normal 0 0 1
    outer loop
      vertex 14 -11 10
      vertex 11.4514 -13.7847 10
      vertex 11.9134 -13.6194 10
    endloop
  endfacet
  facet normal 0 0 1
    outer loop
      vertex 14 -11 10
      vertex 10.9755 -13.9039 10
      vertex 11.4514 -13.7847 10
    endloop
  endfacet
  facet normal 0 0 1
    outer loop
      vertex 14 -11 10
      vertex 10.4901 -13.9759 10
      vertex 10.9755 -13.9039 10
    endloop
  endfacet
  facet normal 0 0 1
    outer loop
      vertex 14 -11 10
      vertex 10 -14 10
      vertex 10.4901 -13.9759 10
    endloop
  endfacet
  facet normal 0 0 1
    outer loop
      vertex 14 -11 10
      vertex -10 -14 10
      vertex 10 -14 10
    endloop
  endfacet
  facet normal -0 0 1
    outer loop
      vertex -14 -11 10
      vertex -10 -14 10
      vertex 14 -11 10
    endloop
  endfacet
  facet normal 0 0 1
    outer loop
      vertex -10 -14 10
      vertex -14 -11 10
      vertex -10.4901 -13.9759 10
    endloop
  endfacet
  facet normal 0 0 1
    outer loop
      vertex -10.4901 -13.9759 10
      vertex -14 -11 10
      vertex -10.9755 -13.9039 10
    endloop
  endfacet
  facet normal 0 0 1
    outer loop
      vertex -10.9755 -13.9039 10
      vertex -14 -11 10
      vertex -11.4514 -13.7847 10
    endloop
  endfacet
  facet normal 0 0 1
    outer loop
      vertex -11.4514 -13.7847 10
      vertex -14 -11 10
      vertex -11.9134 -13.6194 10
    endloop
  endfacet
  facet normal 0 0 1
    outer loop
      vertex -11.9134 -13.6194 10
      vertex -14 -11 10
      vertex -12.357 -13.4096 10
    endloop
  endfacet
  facet normal 0 0 1
    outer loop
      vertex -12.357 -13.4096 10
      vertex -14 -11 10
      vertex -12.7779 -13.1573 10
    endloop
  endfacet
  facet normal 0 0 1
    outer loop
      vertex -14 -11 10
      vertex -13.2196 -12.9231 10
      vertex -13.1255 -12.8995 10
    endloop
  endfacet
  facet normal 0 0 1
    outer loop
      vertex -12.7779 -13.1573 10
      vertex -14 -11 10
      vertex -13.1255 -12.8995 10
    endloop
  endfacet
  facet normal 0 0 1
    outer loop
      vertex -13.2196 -12.9231 10
      vertex -14 -11 10
      vertex -13.6079 -12.9807 10
    endloop
  endfacet
  facet normal 0 0 1
    outer loop
      vertex -14 -11 10
      vertex -14 -13 10
      vertex -13.6079 -12.9807 10
    endloop
  endfacet
  facet normal 0 0 1
    outer loop
      vertex -14.2941 -10.9856 10
      vertex -14 -13 10
      vertex -14 -11 10
    endloop
  endfacet
  facet normal 0 0 1
    outer loop
      vertex -14.5853 -10.9424 10
      vertex -14 -13 10
      vertex -14.2941 -10.9856 10
    endloop
  endfacet
  facet normal 0 0 1
    outer loop
      vertex -16 -13 10
      vertex -14.5853 -10.9424 10
      vertex -14.8709 -10.8708 10
    endloop
  endfacet
  facet normal 0 0 1
    outer loop
      vertex -16 -13 10
      vertex -14.8709 -10.8708 10
      vertex -15.148 -10.7716 10
    endloop
  endfacet
  facet normal 0 0 1
    outer loop
      vertex -16 -13 10
      vertex -15.148 -10.7716 10
      vertex -15.4142 -10.6458 10
    endloop
  endfacet
  facet normal 0 0 1
    outer loop
      vertex -16.3921 -12.9807 10
      vertex -15.4142 -10.6458 10
      vertex -15.6667 -10.4944 10
    endloop
  endfacet
  facet normal 0 0 1
    outer loop
      vertex -16.7804 -12.9231 10
      vertex -15.6667 -10.4944 10
      vertex -15.9032 -10.319 10
    endloop
  endfacet
  facet normal 0 0 1
    outer loop
      vertex -14.5853 -10.9424 10
      vertex -16 -13 10
      vertex -14 -13 10
    endloop
  endfacet
  facet normal 0 0 1
    outer loop
      vertex -17.5307 -12.6955 10
      vertex -15.9032 -10.319 10
      vertex -16.1213 -10.1213 10
    endloop
  endfacet
  facet normal 0 0 1
    outer loop
      vertex -18.2223 -12.3259 10
      vertex -16.1213 -10.1213 10
      vertex -16.319 -9.90318 10
    endloop
  endfacet
  facet normal 0 0 1
    outer loop
      vertex -15.4142 -10.6458 10
      vertex -16.3921 -12.9807 10
      vertex -16 -13 10
    endloop
  endfacet
  facet normal 0 0 1
    outer loop
      vertex -18.8284 -11.8284 10
      vertex -16.319 -9.90318 10
      vertex -16.4944 -9.66671 10
    endloop
  endfacet
  facet normal 0 0 1
    outer loop
      vertex -19.3259 -11.2223 10
      vertex -16.4944 -9.66671 10
      vertex -16.6458 -9.41419 10
    endloop
  endfacet
  facet normal 0 0 1
    outer loop
      vertex -19.6955 -10.5307 10
      vertex -16.6458 -9.41419 10
      vertex -16.7716 -9.14805 10
    endloop
  endfacet
  facet normal 0 0 1
    outer loop
      vertex -15.6667 -10.4944 10
      vertex -16.7804 -12.9231 10
      vertex -16.3921 -12.9807 10
    endloop
  endfacet
  facet normal 0 0 1
    outer loop
      vertex -19.9231 -9.78036 10
      vertex -16.7716 -9.14805 10
      vertex -16.8708 -8.87085 10
    endloop
  endfacet
  facet normal 0 0 1
    outer loop
      vertex -19.9807 -9.39207 10
      vertex -16.8708 -8.87085 10
      vertex -16.9424 -8.58527 10
    endloop
  endfacet
  facet normal 0 0 1
    outer loop
      vertex -20 -9 10
      vertex -16.9424 -8.58527 10
      vertex -16.9856 -8.29405 10
    endloop
  endfacet
  facet normal 0 0 1
    outer loop
      vertex -20 -9 10
      vertex -16.9856 -8.29405 10
      vertex -17 -8 10
    endloop
  endfacet
  facet normal 0 0 1
    outer loop
      vertex -15.9032 -10.319 10
      vertex -17.1611 -12.8278 10
      vertex -16.7804 -12.9231 10
    endloop
  endfacet
  facet normal 0 0 1
    outer loop
      vertex -17 8 10
      vertex -20 9 10
      vertex -17 -8 10
    endloop
  endfacet
  facet normal 0 0 1
    outer loop
      vertex -16.4944 9.66671 10
      vertex -19.3259 11.2223 10
      vertex -16.6458 9.41419 10
    endloop
  endfacet
  facet normal 0 0 1
    outer loop
      vertex -20 -9 10
      vertex -17 -8 10
      vertex -20 9 10
    endloop
  endfacet
  facet normal -0 0 1
    outer loop
      vertex -19.5277 10.8856 10
      vertex -16.6458 9.41419 10
      vertex -19.3259 11.2223 10
    endloop
  endfacet
  facet normal 0 0 1
    outer loop
      vertex -16.9424 -8.58527 10
      vertex -20 -9 10
      vertex -19.9807 -9.39207 10
    endloop
  endfacet
  facet normal -0 0 1
    outer loop
      vertex -19.6955 10.5307 10
      vertex -16.6458 9.41419 10
      vertex -19.5277 10.8856 10
    endloop
  endfacet
  facet normal 0 0 1
    outer loop
      vertex -15.9032 -10.319 10
      vertex -17.5307 -12.6955 10
      vertex -17.1611 -12.8278 10
    endloop
  endfacet
  facet normal 0 0 1
    outer loop
      vertex -16.6458 9.41419 10
      vertex -19.6955 10.5307 10
      vertex -16.7716 9.14805 10
    endloop
  endfacet
  facet normal 0 0 1
    outer loop
      vertex -16.1213 -10.1213 10
      vertex -17.8856 -12.5277 10
      vertex -17.5307 -12.6955 10
    endloop
  endfacet
  facet normal -0 0 1
    outer loop
      vertex -19.8278 10.1611 10
      vertex -16.7716 9.14805 10
      vertex -19.6955 10.5307 10
    endloop
  endfacet
  facet normal 0 0 1
    outer loop
      vertex -16.1213 -10.1213 10
      vertex -18.2223 -12.3259 10
      vertex -17.8856 -12.5277 10
    endloop
  endfacet
  facet normal -0 0 1
    outer loop
      vertex -19.9231 9.78036 10
      vertex -16.7716 9.14805 10
      vertex -19.8278 10.1611 10
    endloop
  endfacet
  facet normal 0 0 1
    outer loop
      vertex -16.319 -9.90318 10
      vertex -18.5376 -12.092 10
      vertex -18.2223 -12.3259 10
    endloop
  endfacet
  facet normal 0 0 1
    outer loop
      vertex -16.7716 9.14805 10
      vertex -19.9231 9.78036 10
      vertex -16.8708 8.87085 10
    endloop
  endfacet
  facet normal 0 0 1
    outer loop
      vertex -16.319 -9.90318 10
      vertex -18.8284 -11.8284 10
      vertex -18.5376 -12.092 10
    endloop
  endfacet
  facet normal -0 0 1
    outer loop
      vertex -19.9807 9.39207 10
      vertex -16.8708 8.87085 10
      vertex -19.9231 9.78036 10
    endloop
  endfacet
  facet normal 0 0 1
    outer loop
      vertex -16.4944 -9.66671 10
      vertex -19.092 -11.5376 10
      vertex -18.8284 -11.8284 10
    endloop
  endfacet
  facet normal 0 0 1
    outer loop
      vertex -16.8708 8.87085 10
      vertex -19.9807 9.39207 10
      vertex -16.9424 8.58527 10
    endloop
  endfacet
  facet normal 0 0 1
    outer loop
      vertex -16.4944 -9.66671 10
      vertex -19.3259 -11.2223 10
      vertex -19.092 -11.5376 10
    endloop
  endfacet
  facet normal -0 0 1
    outer loop
      vertex -20 9 10
      vertex -16.9424 8.58527 10
      vertex -19.9807 9.39207 10
    endloop
  endfacet
  facet normal 0 0 1
    outer loop
      vertex -16.6458 -9.41419 10
      vertex -19.5277 -10.8856 10
      vertex -19.3259 -11.2223 10
    endloop
  endfacet
  facet normal 0 0 1
    outer loop
      vertex -16.9424 8.58527 10
      vertex -20 9 10
      vertex -16.9856 8.29405 10
    endloop
  endfacet
  facet normal 0 0 1
    outer loop
      vertex -16.6458 -9.41419 10
      vertex -19.6955 -10.5307 10
      vertex -19.5277 -10.8856 10
    endloop
  endfacet
  facet normal 0 0 1
    outer loop
      vertex -16.9856 8.29405 10
      vertex -20 9 10
      vertex -17 8 10
    endloop
  endfacet
  facet normal 0 0 1
    outer loop
      vertex -16.7716 -9.14805 10
      vertex -19.8278 -10.1611 10
      vertex -19.6955 -10.5307 10
    endloop
  endfacet
  facet normal 0 0 1
    outer loop
      vertex -16.7716 -9.14805 10
      vertex -19.9231 -9.78036 10
      vertex -19.8278 -10.1611 10
    endloop
  endfacet
  facet normal 0 0 1
    outer loop
      vertex -16.8708 -8.87085 10
      vertex -19.9807 -9.39207 10
      vertex -19.9231 -9.78036 10
    endloop
  endfacet
  facet normal -0.9415 0.337014 0
    outer loop
      vertex -19.8278 10.1611 0
      vertex -19.6955 10.5307 10
      vertex -19.6955 10.5307 0
    endloop
  endfacet
  facet normal -0.9415 0.337014 0
    outer loop
      vertex -19.6955 10.5307 10
      vertex -19.8278 10.1611 0
      vertex -19.8278 10.1611 10
    endloop
  endfacet
  facet normal 0 1 -0
    outer loop
      vertex -14 13 0
      vertex -16 13 10
      vertex -14 13 10
    endloop
  endfacet
  facet normal 0 1 0
    outer loop
      vertex -16 13 10
      vertex -14 13 0
      vertex -16 13 0
    endloop
  endfacet
  facet normal 0.243263 0.96996 -0
    outer loop
      vertex -13.1255 12.8995 0
      vertex -13.2196 12.9231 10
      vertex -13.1255 12.8995 10
    endloop
  endfacet
  facet normal 0.243263 0.96996 0
    outer loop
      vertex -13.2196 12.9231 10
      vertex -13.1255 12.8995 0
      vertex -13.2196 12.9231 0
    endloop
  endfacet
  facet normal -0.242835 -0.970068 0
    outer loop
      vertex -17.1611 -12.8278 0
      vertex -16.7804 -12.9231 10
      vertex -17.1611 -12.8278 10
    endloop
  endfacet
  facet normal -0.242835 -0.970068 -0
    outer loop
      vertex -16.7804 -12.9231 10
      vertex -17.1611 -12.8278 0
      vertex -16.7804 -12.9231 0
    endloop
  endfacet
  facet normal 0 0 -1
    outer loop
      vertex 16 -13 0
      vertex 20 -9 0
      vertex 19.9807 -9.39207 0
    endloop
  endfacet
  facet normal -0 0 -1
    outer loop
      vertex 20 -9 0
      vertex 13.1255 -12.8995 0
      vertex 20 9 0
    endloop
  endfacet
  facet normal 0 0 -1
    outer loop
      vertex 16 -13 0
      vertex 19.9807 -9.39207 0
      vertex 19.9231 -9.78036 0
    endloop
  endfacet
  facet normal 0 0 -1
    outer loop
      vertex 13.1255 12.8995 0
      vertex 20 9 0
      vertex 13.1255 -12.8995 0
    endloop
  endfacet
  facet normal 0 0 -1
    outer loop
      vertex 16 -13 0
      vertex 19.9231 -9.78036 0
      vertex 19.8278 -10.1611 0
    endloop
  endfacet
  facet normal 0 -0 -1
    outer loop
      vertex 14 13 0
      vertex 20 9 0
      vertex 13.1255 12.8995 0
    endloop
  endfacet
  facet normal 0 0 -1
    outer loop
      vertex 16 -13 0
      vertex 19.8278 -10.1611 0
      vertex 19.6955 -10.5307 0
    endloop
  endfacet
  facet normal -0 -0 -1
    outer loop
      vertex 16 13 0
      vertex 20 9 0
      vertex 14 13 0
    endloop
  endfacet
  facet normal 0 0 -1
    outer loop
      vertex 16 -13 0
      vertex 19.6955 -10.5307 0
      vertex 19.5277 -10.8856 0
    endloop
  endfacet
  facet normal 0 0 -1
    outer loop
      vertex 20 9 0
      vertex 16 13 0
      vertex 19.9807 9.39207 0
    endloop
  endfacet
  facet normal 0 0 -1
    outer loop
      vertex 16 -13 0
      vertex 19.5277 -10.8856 0
      vertex 19.3259 -11.2223 0
    endloop
  endfacet
  facet normal 0 0 -1
    outer loop
      vertex 19.9807 9.39207 0
      vertex 16 13 0
      vertex 19.9231 9.78036 0
    endloop
  endfacet
  facet normal 0 0 -1
    outer loop
      vertex 16 -13 0
      vertex 19.3259 -11.2223 0
      vertex 19.092 -11.5376 0
    endloop
  endfacet
  facet normal 0 0 -1
    outer loop
      vertex 19.9231 9.78036 0
      vertex 16 13 0
      vertex 19.8278 10.1611 0
    endloop
  endfacet
  facet normal 0 0 -1
    outer loop
      vertex 16 -13 0
      vertex 19.092 -11.5376 0
      vertex 18.8284 -11.8284 0
    endloop
  endfacet
  facet normal 0 0 -1
    outer loop
      vertex 19.8278 10.1611 0
      vertex 16 13 0
      vertex 19.6955 10.5307 0
    endloop
  endfacet
  facet normal 0 0 -1
    outer loop
      vertex 16 -13 0
      vertex 18.8284 -11.8284 0
      vertex 18.5376 -12.092 0
    endloop
  endfacet
  facet normal 0 0 -1
    outer loop
      vertex 19.6955 10.5307 0
      vertex 16 13 0
      vertex 19.5277 10.8856 0
    endloop
  endfacet
  facet normal 0 0 -1
    outer loop
      vertex 16 -13 0
      vertex 18.5376 -12.092 0
      vertex 18.2223 -12.3259 0
    endloop
  endfacet
  facet normal 0 0 -1
    outer loop
      vertex 19.5277 10.8856 0
      vertex 16 13 0
      vertex 19.3259 11.2223 0
    endloop
  endfacet
  facet normal 0 0 -1
    outer loop
      vertex 16 -13 0
      vertex 18.2223 -12.3259 0
      vertex 17.8856 -12.5277 0
    endloop
  endfacet
  facet normal 0 0 -1
    outer loop
      vertex 19.3259 11.2223 0
      vertex 16 13 0
      vertex 19.092 11.5376 0
    endloop
  endfacet
  facet normal 0 0 -1
    outer loop
      vertex 16 -13 0
      vertex 17.8856 -12.5277 0
      vertex 17.5307 -12.6955 0
    endloop
  endfacet
  facet normal 0 0 -1
    outer loop
      vertex 19.092 11.5376 0
      vertex 16 13 0
      vertex 18.8284 11.8284 0
    endloop
  endfacet
  facet normal 0 0 -1
    outer loop
      vertex 16 -13 0
      vertex 17.5307 -12.6955 0
      vertex 17.1611 -12.8278 0
    endloop
  endfacet
  facet normal 0 0 -1
    outer loop
      vertex 18.8284 11.8284 0
      vertex 16 13 0
      vertex 18.5376 12.092 0
    endloop
  endfacet
  facet normal 0 0 -1
    outer loop
      vertex 16 -13 0
      vertex 17.1611 -12.8278 0
      vertex 16.7804 -12.9231 0
    endloop
  endfacet
  facet normal 0 0 -1
    outer loop
      vertex 20 -9 0
      vertex 16 -13 0
      vertex 14 -13 0
    endloop
  endfacet
  facet normal 0 0 -1
    outer loop
      vertex 16 -13 0
      vertex 16.7804 -12.9231 0
      vertex 16.3921 -12.9807 0
    endloop
  endfacet
  facet normal 0 0 -1
    outer loop
      vertex 20 -9 0
      vertex 14 -13 0
      vertex 13.1255 -12.8995 0
    endloop
  endfacet
  facet normal 0 0 -1
    outer loop
      vertex 17.1611 12.8278 0
      vertex 16 13 0
      vertex 16.7804 12.9231 0
    endloop
  endfacet
  facet normal 0 0 -1
    outer loop
      vertex 16.7804 12.9231 0
      vertex 16 13 0
      vertex 16.3921 12.9807 0
    endloop
  endfacet
  facet normal 0 0 -1
    outer loop
      vertex 18.5376 12.092 0
      vertex 16 13 0
      vertex 18.2223 12.3259 0
    endloop
  endfacet
  facet normal 0 0 -1
    outer loop
      vertex 17.5307 12.6955 0
      vertex 16 13 0
      vertex 17.1611 12.8278 0
    endloop
  endfacet
  facet normal 0 0 -1
    outer loop
      vertex 13.1255 -12.8995 0
      vertex 14 -13 0
      vertex 13.6079 -12.9807 0
    endloop
  endfacet
  facet normal 0 0 -1
    outer loop
      vertex 18.2223 12.3259 0
      vertex 16 13 0
      vertex 17.8856 12.5277 0
    endloop
  endfacet
  facet normal 0 0 -1
    outer loop
      vertex 13.1255 -12.8995 0
      vertex 13.6079 -12.9807 0
      vertex 13.2196 -12.9231 0
    endloop
  endfacet
  facet normal 0 0 -1
    outer loop
      vertex 17.8856 12.5277 0
      vertex 16 13 0
      vertex 17.5307 12.6955 0
    endloop
  endfacet
  facet normal 0 0 -1
    outer loop
      vertex 14 13 0
      vertex 13.1255 12.8995 0
      vertex 13.6079 12.9807 0
    endloop
  endfacet
  facet normal 0 0 -1
    outer loop
      vertex 13.6079 12.9807 0
      vertex 13.1255 12.8995 0
      vertex 13.2196 12.9231 0
    endloop
  endfacet
  facet normal 0 0 -1
    outer loop
      vertex 10 -14 0
      vertex 13.1255 -12.8995 0
      vertex 12.7779 -13.1573 0
    endloop
  endfacet
  facet normal -0 0 -1
    outer loop
      vertex 13.1255 -12.8995 0
      vertex 10 -14 0
      vertex 13.1255 12.8995 0
    endloop
  endfacet
  facet normal 0 0 -1
    outer loop
      vertex 10 -14 0
      vertex 12.7779 -13.1573 0
      vertex 12.357 -13.4096 0
    endloop
  endfacet
  facet normal 0 0 -1
    outer loop
      vertex 10 14 0
      vertex 13.1255 12.8995 0
      vertex 10 -14 0
    endloop
  endfacet
  facet normal 0 0 -1
    outer loop
      vertex 10 -14 0
      vertex 12.357 -13.4096 0
      vertex 11.9134 -13.6194 0
    endloop
  endfacet
  facet normal 0 0 -1
    outer loop
      vertex 13.1255 12.8995 0
      vertex 10 14 0
      vertex 12.7779 13.1573 0
    endloop
  endfacet
  facet normal 0 0 -1
    outer loop
      vertex 10 -14 0
      vertex 11.9134 -13.6194 0
      vertex 11.4514 -13.7847 0
    endloop
  endfacet
  facet normal 0 0 -1
    outer loop
      vertex 12.7779 13.1573 0
      vertex 10 14 0
      vertex 12.357 13.4096 0
    endloop
  endfacet
  facet normal 0 0 -1
    outer loop
      vertex 10 -14 0
      vertex 11.4514 -13.7847 0
      vertex 10.9755 -13.9039 0
    endloop
  endfacet
  facet normal 0 0 -1
    outer loop
      vertex 12.357 13.4096 0
      vertex 10 14 0
      vertex 11.9134 13.6194 0
    endloop
  endfacet
  facet normal 0 0 -1
    outer loop
      vertex 10 -14 0
      vertex 10.9755 -13.9039 0
      vertex 10.4901 -13.9759 0
    endloop
  endfacet
  facet normal 0 0 -1
    outer loop
      vertex 11.9134 13.6194 0
      vertex 10 14 0
      vertex 11.4514 13.7847 0
    endloop
  endfacet
  facet normal 0 0 -1
    outer loop
      vertex 11.4514 13.7847 0
      vertex 10 14 0
      vertex 10.9755 13.9039 0
    endloop
  endfacet
  facet normal 0 0 -1
    outer loop
      vertex 10.9755 13.9039 0
      vertex 10 14 0
      vertex 10.4901 13.9759 0
    endloop
  endfacet
  facet normal 0 0 -1
    outer loop
      vertex -10 -14 0
      vertex 10 14 0
      vertex 10 -14 0
    endloop
  endfacet
  facet normal 0 0 -1
    outer loop
      vertex -10 -14 0
      vertex -10 14 0
      vertex 10 14 0
    endloop
  endfacet
  facet normal 0 0 -1
    outer loop
      vertex -13.1255 -12.8995 0
      vertex -10 -14 0
      vertex -10.4901 -13.9759 0
    endloop
  endfacet
  facet normal 0 0 -1
    outer loop
      vertex -10 -14 0
      vertex -13.1255 -12.8995 0
      vertex -10 14 0
    endloop
  endfacet
  facet normal 0 0 -1
    outer loop
      vertex -13.1255 -12.8995 0
      vertex -10.4901 -13.9759 0
      vertex -10.9755 -13.9039 0
    endloop
  endfacet
  facet normal 0 0 -1
    outer loop
      vertex -13.1255 12.8995 0
      vertex -10 14 0
      vertex -13.1255 -12.8995 0
    endloop
  endfacet
  facet normal 0 0 -1
    outer loop
      vertex -13.1255 -12.8995 0
      vertex -10.9755 -13.9039 0
      vertex -11.4514 -13.7847 0
    endloop
  endfacet
  facet normal 0 0 -1
    outer loop
      vertex -10 14 0
      vertex -13.1255 12.8995 0
      vertex -10.4901 13.9759 0
    endloop
  endfacet
  facet normal 0 0 -1
    outer loop
      vertex -13.1255 -12.8995 0
      vertex -11.4514 -13.7847 0
      vertex -11.9134 -13.6194 0
    endloop
  endfacet
  facet normal 0 0 -1
    outer loop
      vertex -10.4901 13.9759 0
      vertex -13.1255 12.8995 0
      vertex -10.9755 13.9039 0
    endloop
  endfacet
  facet normal 0 0 -1
    outer loop
      vertex -13.1255 -12.8995 0
      vertex -11.9134 -13.6194 0
      vertex -12.357 -13.4096 0
    endloop
  endfacet
  facet normal 0 0 -1
    outer loop
      vertex -10.9755 13.9039 0
      vertex -13.1255 12.8995 0
      vertex -11.4514 13.7847 0
    endloop
  endfacet
  facet normal 0 0 -1
    outer loop
      vertex -13.1255 -12.8995 0
      vertex -12.357 -13.4096 0
      vertex -12.7779 -13.1573 0
    endloop
  endfacet
  facet normal 0 0 -1
    outer loop
      vertex -11.4514 13.7847 0
      vertex -13.1255 12.8995 0
      vertex -11.9134 13.6194 0
    endloop
  endfacet
  facet normal 0 0 -1
    outer loop
      vertex -11.9134 13.6194 0
      vertex -13.1255 12.8995 0
      vertex -12.357 13.4096 0
    endloop
  endfacet
  facet normal 0 0 -1
    outer loop
      vertex -12.357 13.4096 0
      vertex -13.1255 12.8995 0
      vertex -12.7779 13.1573 0
    endloop
  endfacet
  facet normal 0 0 -1
    outer loop
      vertex -13.6079 -12.9807 0
      vertex -13.1255 -12.8995 0
      vertex -13.2196 -12.9231 0
    endloop
  endfacet
  facet normal 0 0 -1
    outer loop
      vertex -13.1255 -12.8995 0
      vertex -20 -9 0
      vertex -13.1255 12.8995 0
    endloop
  endfacet
  facet normal 0 0 -1
    outer loop
      vertex -13.1255 -12.8995 0
      vertex -13.6079 -12.9807 0
      vertex -14 -13 0
    endloop
  endfacet
  facet normal 0 0 -1
    outer loop
      vertex -20 9 0
      vertex -13.1255 12.8995 0
      vertex -20 -9 0
    endloop
  endfacet
  facet normal -0 0 -1
    outer loop
      vertex -13.1255 -12.8995 0
      vertex -14 -13 0
      vertex -20 -9 0
    endloop
  endfacet
  facet normal 0 -0 -1
    outer loop
      vertex -14 13 0
      vertex -13.1255 12.8995 0
      vertex -20 9 0
    endloop
  endfacet
  facet normal 0 0 -1
    outer loop
      vertex -20 -9 0
      vertex -14 -13 0
      vertex -16 -13 0
    endloop
  endfacet
  facet normal -0 -0 -1
    outer loop
      vertex -13.6079 12.9807 0
      vertex -13.1255 12.8995 0
      vertex -14 13 0
    endloop
  endfacet
  facet normal 0 0 -1
    outer loop
      vertex -20 -9 0
      vertex -16 -13 0
      vertex -16.3921 -12.9807 0
    endloop
  endfacet
  facet normal 0 0 -1
    outer loop
      vertex -13.1255 12.8995 0
      vertex -13.6079 12.9807 0
      vertex -13.2196 12.9231 0
    endloop
  endfacet
  facet normal 0 0 -1
    outer loop
      vertex -20 -9 0
      vertex -16.3921 -12.9807 0
      vertex -16.7804 -12.9231 0
    endloop
  endfacet
  facet normal -0 0 -1
    outer loop
      vertex -14 13 0
      vertex -20 9 0
      vertex -16 13 0
    endloop
  endfacet
  facet normal 0 0 -1
    outer loop
      vertex -20 -9 0
      vertex -16.7804 -12.9231 0
      vertex -17.1611 -12.8278 0
    endloop
  endfacet
  facet normal 0 0 -1
    outer loop
      vertex -16 13 0
      vertex -20 9 0
      vertex -16.3921 12.9807 0
    endloop
  endfacet
  facet normal 0 0 -1
    outer loop
      vertex -20 -9 0
      vertex -17.1611 -12.8278 0
      vertex -17.5307 -12.6955 0
    endloop
  endfacet
  facet normal 0 0 -1
    outer loop
      vertex -16.3921 12.9807 0
      vertex -20 9 0
      vertex -16.7804 12.9231 0
    endloop
  endfacet
  facet normal 0 0 -1
    outer loop
      vertex -20 -9 0
      vertex -17.5307 -12.6955 0
      vertex -17.8856 -12.5277 0
    endloop
  endfacet
  facet normal 0 0 -1
    outer loop
      vertex -16.7804 12.9231 0
      vertex -20 9 0
      vertex -17.1611 12.8278 0
    endloop
  endfacet
  facet normal 0 0 -1
    outer loop
      vertex -20 -9 0
      vertex -17.8856 -12.5277 0
      vertex -18.2223 -12.3259 0
    endloop
  endfacet
  facet normal 0 0 -1
    outer loop
      vertex -17.1611 12.8278 0
      vertex -20 9 0
      vertex -17.5307 12.6955 0
    endloop
  endfacet
  facet normal 0 0 -1
    outer loop
      vertex -20 -9 0
      vertex -18.2223 -12.3259 0
      vertex -18.5376 -12.092 0
    endloop
  endfacet
  facet normal 0 0 -1
    outer loop
      vertex -17.5307 12.6955 0
      vertex -20 9 0
      vertex -17.8856 12.5277 0
    endloop
  endfacet
  facet normal 0 0 -1
    outer loop
      vertex -20 -9 0
      vertex -18.5376 -12.092 0
      vertex -18.8284 -11.8284 0
    endloop
  endfacet
  facet normal 0 0 -1
    outer loop
      vertex -17.8856 12.5277 0
      vertex -20 9 0
      vertex -18.2223 12.3259 0
    endloop
  endfacet
  facet normal 0 0 -1
    outer loop
      vertex -20 -9 0
      vertex -18.8284 -11.8284 0
      vertex -19.092 -11.5376 0
    endloop
  endfacet
  facet normal 0 0 -1
    outer loop
      vertex -18.2223 12.3259 0
      vertex -20 9 0
      vertex -18.5376 12.092 0
    endloop
  endfacet
  facet normal 0 0 -1
    outer loop
      vertex -20 -9 0
      vertex -19.092 -11.5376 0
      vertex -19.3259 -11.2223 0
    endloop
  endfacet
  facet normal 0 0 -1
    outer loop
      vertex -18.5376 12.092 0
      vertex -20 9 0
      vertex -18.8284 11.8284 0
    endloop
  endfacet
  facet normal 0 0 -1
    outer loop
      vertex -20 -9 0
      vertex -19.3259 -11.2223 0
      vertex -19.5277 -10.8856 0
    endloop
  endfacet
  facet normal 0 0 -1
    outer loop
      vertex -18.8284 11.8284 0
      vertex -20 9 0
      vertex -19.092 11.5376 0
    endloop
  endfacet
  facet normal 0 0 -1
    outer loop
      vertex -20 -9 0
      vertex -19.5277 -10.8856 0
      vertex -19.6955 -10.5307 0
    endloop
  endfacet
  facet normal 0 0 -1
    outer loop
      vertex -19.092 11.5376 0
      vertex -20 9 0
      vertex -19.3259 11.2223 0
    endloop
  endfacet
  facet normal 0 0 -1
    outer loop
      vertex -20 -9 0
      vertex -19.6955 -10.5307 0
      vertex -19.8278 -10.1611 0
    endloop
  endfacet
  facet normal 0 0 -1
    outer loop
      vertex -19.3259 11.2223 0
      vertex -20 9 0
      vertex -19.5277 10.8856 0
    endloop
  endfacet
  facet normal 0 0 -1
    outer loop
      vertex -20 -9 0
      vertex -19.8278 -10.1611 0
      vertex -19.9231 -9.78036 0
    endloop
  endfacet
  facet normal 0 0 -1
    outer loop
      vertex -19.5277 10.8856 0
      vertex -20 9 0
      vertex -19.6955 10.5307 0
    endloop
  endfacet
  facet normal 0 0 -1
    outer loop
      vertex -20 -9 0
      vertex -19.9231 -9.78036 0
      vertex -19.9807 -9.39207 0
    endloop
  endfacet
  facet normal 0 0 -1
    outer loop
      vertex -19.6955 10.5307 0
      vertex -20 9 0
      vertex -19.8278 10.1611 0
    endloop
  endfacet
  facet normal 0 0 -1
    outer loop
      vertex -19.8278 10.1611 0
      vertex -20 9 0
      vertex -19.9231 9.78036 0
    endloop
  endfacet
  facet normal 0 0 -1
    outer loop
      vertex -19.9231 9.78036 0
      vertex -20 9 0
      vertex -19.9807 9.39207 0
    endloop
  endfacet
  facet normal -0.970074 -0.242811 0
    outer loop
      vertex -19.8278 -10.1611 0
      vertex -19.9231 -9.78036 10
      vertex -19.9231 -9.78036 0
    endloop
  endfacet
  facet normal -0.970074 -0.242811 0
    outer loop
      vertex -19.9231 -9.78036 10
      vertex -19.8278 -10.1611 0
      vertex -19.8278 -10.1611 10
    endloop
  endfacet
  facet normal -0.337014 0.9415 0
    outer loop
      vertex -17.1611 12.8278 0
      vertex -17.5307 12.6955 10
      vertex -17.1611 12.8278 10
    endloop
  endfacet
  facet normal -0.337014 0.9415 0
    outer loop
      vertex -17.5307 12.6955 10
      vertex -17.1611 12.8278 0
      vertex -17.5307 12.6955 0
    endloop
  endfacet
  facet normal -0.803137 0.595794 0
    outer loop
      vertex -19.3259 11.2223 0
      vertex -19.092 11.5376 10
      vertex -19.092 11.5376 0
    endloop
  endfacet
  facet normal -0.803137 0.595794 0
    outer loop
      vertex -19.092 11.5376 10
      vertex -19.3259 11.2223 0
      vertex -19.3259 11.2223 10
    endloop
  endfacet
  facet normal -0.970074 0.242811 0
    outer loop
      vertex -19.9231 9.78036 0
      vertex -19.8278 10.1611 10
      vertex -19.8278 10.1611 0
    endloop
  endfacet
  facet normal -0.970074 0.242811 0
    outer loop
      vertex -19.8278 10.1611 10
      vertex -19.9231 9.78036 0
      vertex -19.9231 9.78036 10
    endloop
  endfacet
  facet normal -0.740908 0.671607 0
    outer loop
      vertex -19.092 11.5376 0
      vertex -18.8284 11.8284 10
      vertex -18.8284 11.8284 0
    endloop
  endfacet
  facet normal -0.740908 0.671607 0
    outer loop
      vertex -18.8284 11.8284 10
      vertex -19.092 11.5376 0
      vertex -19.092 11.5376 10
    endloop
  endfacet
  facet normal -0.671607 0.740908 0
    outer loop
      vertex -18.5376 12.092 0
      vertex -18.8284 11.8284 10
      vertex -18.5376 12.092 10
    endloop
  endfacet
  facet normal -0.671607 0.740908 0
    outer loop
      vertex -18.8284 11.8284 10
      vertex -18.5376 12.092 0
      vertex -18.8284 11.8284 0
    endloop
  endfacet
  facet normal 0.146733 -0.989176 0
    outer loop
      vertex -13.6079 -12.9807 0
      vertex -13.2196 -12.9231 10
      vertex -13.6079 -12.9807 10
    endloop
  endfacet
  facet normal 0.146733 -0.989176 0
    outer loop
      vertex -13.2196 -12.9231 10
      vertex -13.6079 -12.9807 0
      vertex -13.2196 -12.9231 0
    endloop
  endfacet
  facet normal -0.85774 0.514084 0
    outer loop
      vertex -19.5277 10.8856 0
      vertex -19.3259 11.2223 10
      vertex -19.3259 11.2223 0
    endloop
  endfacet
  facet normal -0.85774 0.514084 0
    outer loop
      vertex -19.3259 11.2223 10
      vertex -19.5277 10.8856 0
      vertex -19.5277 10.8856 10
    endloop
  endfacet
  facet normal -0.514084 -0.85774 0
    outer loop
      vertex -18.2223 -12.3259 0
      vertex -17.8856 -12.5277 10
      vertex -18.2223 -12.3259 10
    endloop
  endfacet
  facet normal -0.514084 -0.85774 -0
    outer loop
      vertex -17.8856 -12.5277 10
      vertex -18.2223 -12.3259 0
      vertex -17.8856 -12.5277 0
    endloop
  endfacet
  facet normal -0.989176 -0.146737 0
    outer loop
      vertex -19.9231 -9.78036 0
      vertex -19.9807 -9.39207 10
      vertex -19.9807 -9.39207 0
    endloop
  endfacet
  facet normal -0.989176 -0.146737 0
    outer loop
      vertex -19.9807 -9.39207 10
      vertex -19.9231 -9.78036 0
      vertex -19.9231 -9.78036 10
    endloop
  endfacet
  facet normal 0.514084 0.85774 -0
    outer loop
      vertex 18.2223 12.3259 0
      vertex 17.8856 12.5277 10
      vertex 18.2223 12.3259 10
    endloop
  endfacet
  facet normal 0.514084 0.85774 0
    outer loop
      vertex 17.8856 12.5277 10
      vertex 18.2223 12.3259 0
      vertex 17.8856 12.5277 0
    endloop
  endfacet
  facet normal 0.0491626 0.998791 -0
    outer loop
      vertex 16.3921 12.9807 0
      vertex 16 13 10
      vertex 16.3921 12.9807 10
    endloop
  endfacet
  facet normal 0.0491626 0.998791 0
    outer loop
      vertex 16 13 10
      vertex 16.3921 12.9807 0
      vertex 16 13 0
    endloop
  endfacet
  facet normal 0.42744 0.904044 -0
    outer loop
      vertex 17.8856 12.5277 0
      vertex 17.5307 12.6955 10
      vertex 17.8856 12.5277 10
    endloop
  endfacet
  facet normal 0.42744 0.904044 0
    outer loop
      vertex 17.5307 12.6955 10
      vertex 17.8856 12.5277 0
      vertex 17.5307 12.6955 0
    endloop
  endfacet
  facet normal 0.42744 -0.904044 0
    outer loop
      vertex 17.5307 -12.6955 0
      vertex 17.8856 -12.5277 10
      vertex 17.5307 -12.6955 10
    endloop
  endfacet
  facet normal 0.42744 -0.904044 0
    outer loop
      vertex 17.8856 -12.5277 10
      vertex 17.5307 -12.6955 0
      vertex 17.8856 -12.5277 0
    endloop
  endfacet
  facet normal 0.740908 0.671607 0
    outer loop
      vertex 19.092 11.5376 10
      vertex 18.8284 11.8284 0
      vertex 18.8284 11.8284 10
    endloop
  endfacet
  facet normal 0.740908 0.671607 0
    outer loop
      vertex 18.8284 11.8284 0
      vertex 19.092 11.5376 10
      vertex 19.092 11.5376 0
    endloop
  endfacet
  facet normal 0.595794 -0.803137 0
    outer loop
      vertex 18.2223 -12.3259 0
      vertex 18.5376 -12.092 10
      vertex 18.2223 -12.3259 10
    endloop
  endfacet
  facet normal 0.595794 -0.803137 0
    outer loop
      vertex 18.5376 -12.092 10
      vertex 18.2223 -12.3259 0
      vertex 18.5376 -12.092 0
    endloop
  endfacet
  facet normal 0.803137 -0.595794 0
    outer loop
      vertex 19.092 -11.5376 10
      vertex 19.3259 -11.2223 0
      vertex 19.3259 -11.2223 10
    endloop
  endfacet
  facet normal 0.803137 -0.595794 0
    outer loop
      vertex 19.3259 -11.2223 0
      vertex 19.092 -11.5376 10
      vertex 19.092 -11.5376 0
    endloop
  endfacet
  facet normal 0.337014 -0.9415 0
    outer loop
      vertex 17.1611 -12.8278 0
      vertex 17.5307 -12.6955 10
      vertex 17.1611 -12.8278 10
    endloop
  endfacet
  facet normal 0.337014 -0.9415 0
    outer loop
      vertex 17.5307 -12.6955 10
      vertex 17.1611 -12.8278 0
      vertex 17.5307 -12.6955 0
    endloop
  endfacet
  facet normal 0.337014 0.9415 -0
    outer loop
      vertex 17.5307 12.6955 0
      vertex 17.1611 12.8278 10
      vertex 17.5307 12.6955 10
    endloop
  endfacet
  facet normal 0.337014 0.9415 0
    outer loop
      vertex 17.1611 12.8278 10
      vertex 17.5307 12.6955 0
      vertex 17.1611 12.8278 0
    endloop
  endfacet
  facet normal -0.0491626 0.998791 0
    outer loop
      vertex 14 13 0
      vertex 13.6079 12.9807 10
      vertex 14 13 10
    endloop
  endfacet
  facet normal -0.0491626 0.998791 0
    outer loop
      vertex 13.6079 12.9807 10
      vertex 14 13 0
      vertex 13.6079 12.9807 0
    endloop
  endfacet
  facet normal 0.242835 -0.970068 0
    outer loop
      vertex 16.7804 -12.9231 0
      vertex 17.1611 -12.8278 10
      vertex 16.7804 -12.9231 10
    endloop
  endfacet
  facet normal 0.242835 -0.970068 0
    outer loop
      vertex 17.1611 -12.8278 10
      vertex 16.7804 -12.9231 0
      vertex 17.1611 -12.8278 0
    endloop
  endfacet
  facet normal 0.970074 -0.242811 0
    outer loop
      vertex 19.8278 -10.1611 10
      vertex 19.9231 -9.78036 0
      vertex 19.9231 -9.78036 10
    endloop
  endfacet
  facet normal 0.970074 -0.242811 0
    outer loop
      vertex 19.9231 -9.78036 0
      vertex 19.8278 -10.1611 10
      vertex 19.8278 -10.1611 0
    endloop
  endfacet
  facet normal 0 -1 0
    outer loop
      vertex 14 -13 0
      vertex 16 -13 10
      vertex 14 -13 10
    endloop
  endfacet
  facet normal 0 -1 -0
    outer loop
      vertex 16 -13 10
      vertex 14 -13 0
      vertex 16 -13 0
    endloop
  endfacet
  facet normal 0.146733 0.989176 -0
    outer loop
      vertex 16.7804 12.9231 0
      vertex 16.3921 12.9807 10
      vertex 16.7804 12.9231 10
    endloop
  endfacet
  facet normal 0.146733 0.989176 0
    outer loop
      vertex 16.3921 12.9807 10
      vertex 16.7804 12.9231 0
      vertex 16.3921 12.9807 0
    endloop
  endfacet
  facet normal 0.998791 0.0491664 0
    outer loop
      vertex 20 9 10
      vertex 19.9807 9.39207 0
      vertex 19.9807 9.39207 10
    endloop
  endfacet
  facet normal 0.998791 0.0491664 0
    outer loop
      vertex 19.9807 9.39207 0
      vertex 20 9 10
      vertex 20 9 0
    endloop
  endfacet
  facet normal 1 0 0
    outer loop
      vertex 20 9 10
      vertex 20 5 5
      vertex 20 9 0
    endloop
  endfacet
  facet normal 1 0 0
    outer loop
      vertex 20 9 10
      vertex 20 4.99278 5.14703
      vertex 20 5 5
    endloop
  endfacet
  facet normal 1 0 0
    outer loop
      vertex 20 9 10
      vertex 20 4.97118 5.29263
      vertex 20 4.99278 5.14703
    endloop
  endfacet
  facet normal 1 0 0
    outer loop
      vertex 20 9 10
      vertex 20 4.93541 5.43543
      vertex 20 4.97118 5.29263
    endloop
  endfacet
  facet normal 1 0 0
    outer loop
      vertex 20 9 10
      vertex 20 4.88582 5.57402
      vertex 20 4.93541 5.43543
    endloop
  endfacet
  facet normal 1 0 0
    outer loop
      vertex 20 9 10
      vertex 20 4.82288 5.70709
      vertex 20 4.88582 5.57402
    endloop
  endfacet
  facet normal 1 0 0
    outer loop
      vertex 20 9 10
      vertex 20 4.7472 5.83335
      vertex 20 4.82288 5.70709
    endloop
  endfacet
  facet normal 1 0 0
    outer loop
      vertex 20 9 10
      vertex 20 4.65952 5.95159
      vertex 20 4.7472 5.83335
    endloop
  endfacet
  facet normal 1 0 0
    outer loop
      vertex 20 9 10
      vertex 20 4.56066 6.06066
      vertex 20 4.65952 5.95159
    endloop
  endfacet
  facet normal 1 0 0
    outer loop
      vertex 20 9 10
      vertex 20 4.45159 6.15952
      vertex 20 4.56066 6.06066
    endloop
  endfacet
  facet normal 1 0 0
    outer loop
      vertex 20 9 10
      vertex 20 4.33335 6.2472
      vertex 20 4.45159 6.15952
    endloop
  endfacet
  facet normal 1 0 0
    outer loop
      vertex 20 9 10
      vertex 20 4.20709 6.32288
      vertex 20 4.33335 6.2472
    endloop
  endfacet
  facet normal 1 0 0
    outer loop
      vertex 20 9 10
      vertex 20 4.07402 6.38582
      vertex 20 4.20709 6.32288
    endloop
  endfacet
  facet normal 1 0 0
    outer loop
      vertex 20 9 10
      vertex 20 3.93543 6.43541
      vertex 20 4.07402 6.38582
    endloop
  endfacet
  facet normal 1 0 0
    outer loop
      vertex 20 9 10
      vertex 20 3.79263 6.47118
      vertex 20 3.93543 6.43541
    endloop
  endfacet
  facet normal 1 0 0
    outer loop
      vertex 20 9 10
      vertex 20 3.64703 6.49278
      vertex 20 3.79263 6.47118
    endloop
  endfacet
  facet normal 1 0 0
    outer loop
      vertex 20 9 10
      vertex 20 3.5 6.5
      vertex 20 3.64703 6.49278
    endloop
  endfacet
  facet normal 1 0 0
    outer loop
      vertex 20 9 10
      vertex 20 -3.5 6.5
      vertex 20 3.5 6.5
    endloop
  endfacet
  facet normal 1 -0 0
    outer loop
      vertex 20 -9 10
      vertex 20 -3.5 6.5
      vertex 20 9 10
    endloop
  endfacet
  facet normal 1 0 0
    outer loop
      vertex 20 -3.5 6.5
      vertex 20 -9 10
      vertex 20 -3.64703 6.49278
    endloop
  endfacet
  facet normal 1 0 0
    outer loop
      vertex 20 -3.64703 6.49278
      vertex 20 -9 10
      vertex 20 -3.79263 6.47118
    endloop
  endfacet
  facet normal 1 0 0
    outer loop
      vertex 20 -4.99278 5.14703
      vertex 20 -9 10
      vertex 20 -5 5
    endloop
  endfacet
  facet normal 1 0 0
    outer loop
      vertex 20 -4.97118 5.29263
      vertex 20 -9 10
      vertex 20 -4.99278 5.14703
    endloop
  endfacet
  facet normal 1 0 0
    outer loop
      vertex 20 -4.93541 5.43543
      vertex 20 -9 10
      vertex 20 -4.97118 5.29263
    endloop
  endfacet
  facet normal 1 0 0
    outer loop
      vertex 20 -4.88582 5.57402
      vertex 20 -9 10
      vertex 20 -4.93541 5.43543
    endloop
  endfacet
  facet normal 1 0 0
    outer loop
      vertex 20 -4.82288 5.70709
      vertex 20 -9 10
      vertex 20 -4.88582 5.57402
    endloop
  endfacet
  facet normal 1 0 0
    outer loop
      vertex 20 -4.7472 5.83335
      vertex 20 -9 10
      vertex 20 -4.82288 5.70709
    endloop
  endfacet
  facet normal 1 0 0
    outer loop
      vertex 20 -4.65952 5.95159
      vertex 20 -9 10
      vertex 20 -4.7472 5.83335
    endloop
  endfacet
  facet normal 1 0 0
    outer loop
      vertex 20 -4.56066 6.06066
      vertex 20 -9 10
      vertex 20 -4.65952 5.95159
    endloop
  endfacet
  facet normal 1 0 0
    outer loop
      vertex 20 -4.45159 6.15952
      vertex 20 -9 10
      vertex 20 -4.56066 6.06066
    endloop
  endfacet
  facet normal 1 0 0
    outer loop
      vertex 20 -4.33335 6.2472
      vertex 20 -9 10
      vertex 20 -4.45159 6.15952
    endloop
  endfacet
  facet normal 1 0 0
    outer loop
      vertex 20 -4.20709 6.32288
      vertex 20 -9 10
      vertex 20 -4.33335 6.2472
    endloop
  endfacet
  facet normal 1 0 0
    outer loop
      vertex 20 -4.07402 6.38582
      vertex 20 -9 10
      vertex 20 -4.20709 6.32288
    endloop
  endfacet
  facet normal 1 0 0
    outer loop
      vertex 20 -3.93543 6.43541
      vertex 20 -9 10
      vertex 20 -4.07402 6.38582
    endloop
  endfacet
  facet normal 1 0 0
    outer loop
      vertex 20 -3.79263 6.47118
      vertex 20 -9 10
      vertex 20 -3.93543 6.43541
    endloop
  endfacet
  facet normal 1 -0 0
    outer loop
      vertex 20 4.99278 4.85297
      vertex 20 9 0
      vertex 20 5 5
    endloop
  endfacet
  facet normal 1 -0 0
    outer loop
      vertex 20 4.97118 4.70737
      vertex 20 9 0
      vertex 20 4.99278 4.85297
    endloop
  endfacet
  facet normal 1 -0 0
    outer loop
      vertex 20 4.93541 4.56457
      vertex 20 9 0
      vertex 20 4.97118 4.70737
    endloop
  endfacet
  facet normal 1 -0 0
    outer loop
      vertex 20 4.88582 4.42598
      vertex 20 9 0
      vertex 20 4.93541 4.56457
    endloop
  endfacet
  facet normal 1 -0 0
    outer loop
      vertex 20 4.82288 4.29291
      vertex 20 9 0
      vertex 20 4.88582 4.42598
    endloop
  endfacet
  facet normal 1 -0 0
    outer loop
      vertex 20 4.7472 4.16665
      vertex 20 9 0
      vertex 20 4.82288 4.29291
    endloop
  endfacet
  facet normal 1 -0 0
    outer loop
      vertex 20 4.65952 4.04841
      vertex 20 9 0
      vertex 20 4.7472 4.16665
    endloop
  endfacet
  facet normal 1 -0 0
    outer loop
      vertex 20 4.56066 3.93934
      vertex 20 9 0
      vertex 20 4.65952 4.04841
    endloop
  endfacet
  facet normal 1 -0 0
    outer loop
      vertex 20 4.45159 3.84048
      vertex 20 9 0
      vertex 20 4.56066 3.93934
    endloop
  endfacet
  facet normal 1 -0 0
    outer loop
      vertex 20 4.33335 3.7528
      vertex 20 9 0
      vertex 20 4.45159 3.84048
    endloop
  endfacet
  facet normal 1 -0 0
    outer loop
      vertex 20 4.20709 3.67712
      vertex 20 9 0
      vertex 20 4.33335 3.7528
    endloop
  endfacet
  facet normal 1 -0 0
    outer loop
      vertex 20 4.07402 3.61418
      vertex 20 9 0
      vertex 20 4.20709 3.67712
    endloop
  endfacet
  facet normal 1 -0 0
    outer loop
      vertex 20 3.93543 3.56459
      vertex 20 9 0
      vertex 20 4.07402 3.61418
    endloop
  endfacet
  facet normal 1 -0 0
    outer loop
      vertex 20 3.79263 3.52882
      vertex 20 9 0
      vertex 20 3.93543 3.56459
    endloop
  endfacet
  facet normal 1 -0 0
    outer loop
      vertex 20 3.64703 3.50722
      vertex 20 9 0
      vertex 20 3.79263 3.52882
    endloop
  endfacet
  facet normal 1 -0 0
    outer loop
      vertex 20 3.5 3.5
      vertex 20 9 0
      vertex 20 3.64703 3.50722
    endloop
  endfacet
  facet normal 1 -0 0
    outer loop
      vertex 20 -3.5 3.5
      vertex 20 9 0
      vertex 20 3.5 3.5
    endloop
  endfacet
  facet normal 1 0 0
    outer loop
      vertex 20 -9 0
      vertex 20 -3.5 3.5
      vertex 20 -3.64703 3.50722
    endloop
  endfacet
  facet normal 1 0 0
    outer loop
      vertex 20 -9 0
      vertex 20 -3.64703 3.50722
      vertex 20 -3.79263 3.52882
    endloop
  endfacet
  facet normal 1 0 0
    outer loop
      vertex 20 -9 0
      vertex 20 -3.79263 3.52882
      vertex 20 -3.93543 3.56459
    endloop
  endfacet
  facet normal 1 0 0
    outer loop
      vertex 20 -9 0
      vertex 20 -5 5
      vertex 20 -9 10
    endloop
  endfacet
  facet normal 1 0 0
    outer loop
      vertex 20 -5 5
      vertex 20 -9 0
      vertex 20 -4.99278 4.85297
    endloop
  endfacet
  facet normal 1 0 0
    outer loop
      vertex 20 -4.99278 4.85297
      vertex 20 -9 0
      vertex 20 -4.97118 4.70737
    endloop
  endfacet
  facet normal 1 0 0
    outer loop
      vertex 20 -4.97118 4.70737
      vertex 20 -9 0
      vertex 20 -4.93541 4.56457
    endloop
  endfacet
  facet normal 1 0 0
    outer loop
      vertex 20 -4.93541 4.56457
      vertex 20 -9 0
      vertex 20 -4.88582 4.42598
    endloop
  endfacet
  facet normal 1 0 0
    outer loop
      vertex 20 -4.88582 4.42598
      vertex 20 -9 0
      vertex 20 -4.82288 4.29291
    endloop
  endfacet
  facet normal 1 0 0
    outer loop
      vertex 20 -3.5 3.5
      vertex 20 -9 0
      vertex 20 9 0
    endloop
  endfacet
  facet normal 1 0 0
    outer loop
      vertex 20 -4.07402 3.61418
      vertex 20 -9 0
      vertex 20 -3.93543 3.56459
    endloop
  endfacet
  facet normal 1 0 0
    outer loop
      vertex 20 -4.20709 3.67712
      vertex 20 -9 0
      vertex 20 -4.07402 3.61418
    endloop
  endfacet
  facet normal 1 0 0
    outer loop
      vertex 20 -4.33335 3.7528
      vertex 20 -9 0
      vertex 20 -4.20709 3.67712
    endloop
  endfacet
  facet normal 1 0 0
    outer loop
      vertex 20 -4.45159 3.84048
      vertex 20 -9 0
      vertex 20 -4.33335 3.7528
    endloop
  endfacet
  facet normal 1 0 0
    outer loop
      vertex 20 -4.56066 3.93934
      vertex 20 -9 0
      vertex 20 -4.45159 3.84048
    endloop
  endfacet
  facet normal 1 0 0
    outer loop
      vertex 20 -4.65952 4.04841
      vertex 20 -9 0
      vertex 20 -4.56066 3.93934
    endloop
  endfacet
  facet normal 1 0 0
    outer loop
      vertex 20 -4.7472 4.16665
      vertex 20 -9 0
      vertex 20 -4.65952 4.04841
    endloop
  endfacet
  facet normal 1 0 0
    outer loop
      vertex 20 -4.82288 4.29291
      vertex 20 -9 0
      vertex 20 -4.7472 4.16665
    endloop
  endfacet
  facet normal -0.243263 0.96996 0
    outer loop
      vertex 13.2196 12.9231 0
      vertex 13.1255 12.8995 10
      vertex 13.2196 12.9231 10
    endloop
  endfacet
  facet normal -0.243263 0.96996 0
    outer loop
      vertex 13.1255 12.8995 10
      vertex 13.2196 12.9231 0
      vertex 13.1255 12.8995 0
    endloop
  endfacet
  facet normal 0.9415 -0.337014 0
    outer loop
      vertex 19.6955 -10.5307 10
      vertex 19.8278 -10.1611 0
      vertex 19.8278 -10.1611 10
    endloop
  endfacet
  facet normal 0.9415 -0.337014 0
    outer loop
      vertex 19.8278 -10.1611 0
      vertex 19.6955 -10.5307 10
      vertex 19.6955 -10.5307 0
    endloop
  endfacet
  facet normal 0.85774 -0.514084 0
    outer loop
      vertex 19.3259 -11.2223 10
      vertex 19.5277 -10.8856 0
      vertex 19.5277 -10.8856 10
    endloop
  endfacet
  facet normal 0.85774 -0.514084 0
    outer loop
      vertex 19.5277 -10.8856 0
      vertex 19.3259 -11.2223 10
      vertex 19.3259 -11.2223 0
    endloop
  endfacet
  facet normal -0.146733 0.989176 0
    outer loop
      vertex 13.6079 12.9807 0
      vertex 13.2196 12.9231 10
      vertex 13.6079 12.9807 10
    endloop
  endfacet
  facet normal -0.146733 0.989176 0
    outer loop
      vertex 13.2196 12.9231 10
      vertex 13.6079 12.9807 0
      vertex 13.2196 12.9231 0
    endloop
  endfacet
  facet normal -0.146733 -0.989176 0
    outer loop
      vertex 13.2196 -12.9231 0
      vertex 13.6079 -12.9807 10
      vertex 13.2196 -12.9231 10
    endloop
  endfacet
  facet normal -0.146733 -0.989176 -0
    outer loop
      vertex 13.6079 -12.9807 10
      vertex 13.2196 -12.9231 0
      vertex 13.6079 -12.9807 0
    endloop
  endfacet
  facet normal 0.595794 0.803137 -0
    outer loop
      vertex 18.5376 12.092 0
      vertex 18.2223 12.3259 10
      vertex 18.5376 12.092 10
    endloop
  endfacet
  facet normal 0.595794 0.803137 0
    outer loop
      vertex 18.2223 12.3259 10
      vertex 18.5376 12.092 0
      vertex 18.2223 12.3259 0
    endloop
  endfacet
  facet normal 0.671607 0.740908 -0
    outer loop
      vertex 18.8284 11.8284 0
      vertex 18.5376 12.092 10
      vertex 18.8284 11.8284 10
    endloop
  endfacet
  facet normal 0.671607 0.740908 0
    outer loop
      vertex 18.5376 12.092 10
      vertex 18.8284 11.8284 0
      vertex 18.5376 12.092 0
    endloop
  endfacet
  facet normal 0.671607 -0.740908 0
    outer loop
      vertex 18.5376 -12.092 0
      vertex 18.8284 -11.8284 10
      vertex 18.5376 -12.092 10
    endloop
  endfacet
  facet normal 0.671607 -0.740908 0
    outer loop
      vertex 18.8284 -11.8284 10
      vertex 18.5376 -12.092 0
      vertex 18.8284 -11.8284 0
    endloop
  endfacet
  facet normal 0.0491626 -0.998791 0
    outer loop
      vertex 16 -13 0
      vertex 16.3921 -12.9807 10
      vertex 16 -13 10
    endloop
  endfacet
  facet normal 0.0491626 -0.998791 0
    outer loop
      vertex 16.3921 -12.9807 10
      vertex 16 -13 0
      vertex 16.3921 -12.9807 0
    endloop
  endfacet
  facet normal 0.998791 -0.0491664 0
    outer loop
      vertex 19.9807 -9.39207 10
      vertex 20 -9 0
      vertex 20 -9 10
    endloop
  endfacet
  facet normal 0.998791 -0.0491664 0
    outer loop
      vertex 20 -9 0
      vertex 19.9807 -9.39207 10
      vertex 19.9807 -9.39207 0
    endloop
  endfacet
  facet normal -0.0491626 -0.998791 0
    outer loop
      vertex 13.6079 -12.9807 0
      vertex 14 -13 10
      vertex 13.6079 -12.9807 10
    endloop
  endfacet
  facet normal -0.0491626 -0.998791 -0
    outer loop
      vertex 14 -13 10
      vertex 13.6079 -12.9807 0
      vertex 14 -13 0
    endloop
  endfacet
  facet normal 0 1 -0
    outer loop
      vertex 16 13 0
      vertex 14 13 10
      vertex 16 13 10
    endloop
  endfacet
  facet normal 0 1 0
    outer loop
      vertex 14 13 10
      vertex 16 13 0
      vertex 14 13 0
    endloop
  endfacet
  facet normal 0.242835 0.970068 -0
    outer loop
      vertex 17.1611 12.8278 0
      vertex 16.7804 12.9231 10
      vertex 17.1611 12.8278 10
    endloop
  endfacet
  facet normal 0.242835 0.970068 0
    outer loop
      vertex 16.7804 12.9231 10
      vertex 17.1611 12.8278 0
      vertex 16.7804 12.9231 0
    endloop
  endfacet
  facet normal 0.989176 -0.146737 0
    outer loop
      vertex 19.9231 -9.78036 10
      vertex 19.9807 -9.39207 0
      vertex 19.9807 -9.39207 10
    endloop
  endfacet
  facet normal 0.989176 -0.146737 0
    outer loop
      vertex 19.9807 -9.39207 0
      vertex 19.9231 -9.78036 10
      vertex 19.9231 -9.78036 0
    endloop
  endfacet
  facet normal 0.904044 0.42744 0
    outer loop
      vertex 19.6955 10.5307 10
      vertex 19.5277 10.8856 0
      vertex 19.5277 10.8856 10
    endloop
  endfacet
  facet normal 0.904044 0.42744 0
    outer loop
      vertex 19.5277 10.8856 0
      vertex 19.6955 10.5307 10
      vertex 19.6955 10.5307 0
    endloop
  endfacet
  facet normal -0.243263 -0.96996 0
    outer loop
      vertex 13.1255 -12.8995 0
      vertex 13.2196 -12.9231 10
      vertex 13.1255 -12.8995 10
    endloop
  endfacet
  facet normal -0.243263 -0.96996 -0
    outer loop
      vertex 13.2196 -12.9231 10
      vertex 13.1255 -12.8995 0
      vertex 13.2196 -12.9231 0
    endloop
  endfacet
  facet normal 0.904044 -0.42744 0
    outer loop
      vertex 19.5277 -10.8856 10
      vertex 19.6955 -10.5307 0
      vertex 19.6955 -10.5307 10
    endloop
  endfacet
  facet normal 0.904044 -0.42744 0
    outer loop
      vertex 19.6955 -10.5307 0
      vertex 19.5277 -10.8856 10
      vertex 19.5277 -10.8856 0
    endloop
  endfacet
  facet normal 0.803137 0.595794 0
    outer loop
      vertex 19.3259 11.2223 10
      vertex 19.092 11.5376 0
      vertex 19.092 11.5376 10
    endloop
  endfacet
  facet normal 0.803137 0.595794 0
    outer loop
      vertex 19.092 11.5376 0
      vertex 19.3259 11.2223 10
      vertex 19.3259 11.2223 0
    endloop
  endfacet
  facet normal 0.9415 0.337014 0
    outer loop
      vertex 19.8278 10.1611 10
      vertex 19.6955 10.5307 0
      vertex 19.6955 10.5307 10
    endloop
  endfacet
  facet normal 0.9415 0.337014 0
    outer loop
      vertex 19.6955 10.5307 0
      vertex 19.8278 10.1611 10
      vertex 19.8278 10.1611 0
    endloop
  endfacet
  facet normal 0.970074 0.242811 0
    outer loop
      vertex 19.9231 9.78036 10
      vertex 19.8278 10.1611 0
      vertex 19.8278 10.1611 10
    endloop
  endfacet
  facet normal 0.970074 0.242811 0
    outer loop
      vertex 19.8278 10.1611 0
      vertex 19.9231 9.78036 10
      vertex 19.9231 9.78036 0
    endloop
  endfacet
  facet normal 0.85774 0.514084 0
    outer loop
      vertex 19.5277 10.8856 10
      vertex 19.3259 11.2223 0
      vertex 19.3259 11.2223 10
    endloop
  endfacet
  facet normal 0.85774 0.514084 0
    outer loop
      vertex 19.3259 11.2223 0
      vertex 19.5277 10.8856 10
      vertex 19.5277 10.8856 0
    endloop
  endfacet
  facet normal 0.740908 -0.671607 0
    outer loop
      vertex 18.8284 -11.8284 10
      vertex 19.092 -11.5376 0
      vertex 19.092 -11.5376 10
    endloop
  endfacet
  facet normal 0.740908 -0.671607 0
    outer loop
      vertex 19.092 -11.5376 0
      vertex 18.8284 -11.8284 10
      vertex 18.8284 -11.8284 0
    endloop
  endfacet
  facet normal 0.146733 -0.989176 0
    outer loop
      vertex 16.3921 -12.9807 0
      vertex 16.7804 -12.9231 10
      vertex 16.3921 -12.9807 10
    endloop
  endfacet
  facet normal 0.146733 -0.989176 0
    outer loop
      vertex 16.7804 -12.9231 10
      vertex 16.3921 -12.9807 0
      vertex 16.7804 -12.9231 0
    endloop
  endfacet
  facet normal 0.989176 0.146737 0
    outer loop
      vertex 19.9807 9.39207 10
      vertex 19.9231 9.78036 0
      vertex 19.9231 9.78036 10
    endloop
  endfacet
  facet normal 0.989176 0.146737 0
    outer loop
      vertex 19.9231 9.78036 0
      vertex 19.9807 9.39207 10
      vertex 19.9807 9.39207 0
    endloop
  endfacet
  facet normal 0.514084 -0.85774 0
    outer loop
      vertex 17.8856 -12.5277 0
      vertex 18.2223 -12.3259 10
      vertex 17.8856 -12.5277 10
    endloop
  endfacet
  facet normal 0.514084 -0.85774 0
    outer loop
      vertex 18.2223 -12.3259 10
      vertex 17.8856 -12.5277 0
      vertex 18.2223 -12.3259 0
    endloop
  endfacet
  facet normal 0.427543 0.903995 -0
    outer loop
      vertex 12.357 13.4096 0
      vertex 11.9134 13.6194 10
      vertex 12.357 13.4096 10
    endloop
  endfacet
  facet normal 0.427543 0.903995 0
    outer loop
      vertex 11.9134 13.6194 10
      vertex 12.357 13.4096 0
      vertex 11.9134 13.6194 0
    endloop
  endfacet
  facet normal 0.0491143 0.998793 -0
    outer loop
      vertex 10.4901 13.9759 0
      vertex 10 14 10
      vertex 10.4901 13.9759 10
    endloop
  endfacet
  facet normal 0.0491143 0.998793 0
    outer loop
      vertex 10 14 10
      vertex 10.4901 13.9759 0
      vertex 10 14 0
    endloop
  endfacet
  facet normal -0.0491143 -0.998793 0
    outer loop
      vertex -10.4901 -13.9759 0
      vertex -10 -14 10
      vertex -10.4901 -13.9759 10
    endloop
  endfacet
  facet normal -0.0491143 -0.998793 -0
    outer loop
      vertex -10 -14 10
      vertex -10.4901 -13.9759 0
      vertex -10 -14 0
    endloop
  endfacet
  facet normal 0.514136 0.857709 -0
    outer loop
      vertex 12.7779 13.1573 0
      vertex 12.357 13.4096 10
      vertex 12.7779 13.1573 10
    endloop
  endfacet
  facet normal 0.514136 0.857709 0
    outer loop
      vertex 12.357 13.4096 10
      vertex 12.7779 13.1573 0
      vertex 12.357 13.4096 0
    endloop
  endfacet
  facet normal 0.146726 -0.989177 0
    outer loop
      vertex 10.4901 -13.9759 0
      vertex 10.9755 -13.9039 10
      vertex 10.4901 -13.9759 10
    endloop
  endfacet
  facet normal 0.146726 -0.989177 0
    outer loop
      vertex 10.9755 -13.9039 10
      vertex 10.4901 -13.9759 0
      vertex 10.9755 -13.9039 0
    endloop
  endfacet
  facet normal 0 1 -0
    outer loop
      vertex 10 14 0
      vertex -10 14 10
      vertex 10 14 10
    endloop
  endfacet
  facet normal 0 1 0
    outer loop
      vertex -10 14 10
      vertex 10 14 0
      vertex -10 14 0
    endloop
  endfacet
  facet normal -0.514136 0.857709 0
    outer loop
      vertex -12.357 13.4096 0
      vertex -12.7779 13.1573 10
      vertex -12.357 13.4096 10
    endloop
  endfacet
  facet normal -0.514136 0.857709 0
    outer loop
      vertex -12.7779 13.1573 10
      vertex -12.357 13.4096 0
      vertex -12.7779 13.1573 0
    endloop
  endfacet
  facet normal -0.595703 0.803205 0
    outer loop
      vertex -12.7779 13.1573 0
      vertex -13.1255 12.8995 10
      vertex -12.7779 13.1573 10
    endloop
  endfacet
  facet normal -0.595703 0.803205 0
    outer loop
      vertex -13.1255 12.8995 10
      vertex -12.7779 13.1573 0
      vertex -13.1255 12.8995 0
    endloop
  endfacet
  facet normal 0.595703 -0.803205 0
    outer loop
      vertex 12.7779 -13.1573 0
      vertex 13.1255 -12.8995 10
      vertex 12.7779 -13.1573 10
    endloop
  endfacet
  facet normal 0.595703 -0.803205 0
    outer loop
      vertex 13.1255 -12.8995 10
      vertex 12.7779 -13.1573 0
      vertex 13.1255 -12.8995 0
    endloop
  endfacet
  facet normal 0 -1 0
    outer loop
      vertex -10 -14 0
      vertex 10 -14 10
      vertex -10 -14 10
    endloop
  endfacet
  facet normal 0 -1 -0
    outer loop
      vertex 10 -14 10
      vertex -10 -14 0
      vertex 10 -14 0
    endloop
  endfacet
  facet normal -0.146726 0.989177 0
    outer loop
      vertex -10.4901 13.9759 0
      vertex -10.9755 13.9039 10
      vertex -10.4901 13.9759 10
    endloop
  endfacet
  facet normal -0.146726 0.989177 0
    outer loop
      vertex -10.9755 13.9039 10
      vertex -10.4901 13.9759 0
      vertex -10.9755 13.9039 0
    endloop
  endfacet
  facet normal -0.595703 -0.803205 0
    outer loop
      vertex -13.1255 -12.8995 0
      vertex -12.7779 -13.1573 10
      vertex -13.1255 -12.8995 10
    endloop
  endfacet
  facet normal -0.595703 -0.803205 -0
    outer loop
      vertex -12.7779 -13.1573 10
      vertex -13.1255 -12.8995 0
      vertex -12.7779 -13.1573 0
    endloop
  endfacet
  facet normal 0.595703 0.803205 -0
    outer loop
      vertex 13.1255 12.8995 0
      vertex 12.7779 13.1573 10
      vertex 13.1255 12.8995 10
    endloop
  endfacet
  facet normal 0.595703 0.803205 0
    outer loop
      vertex 12.7779 13.1573 10
      vertex 13.1255 12.8995 0
      vertex 12.7779 13.1573 0
    endloop
  endfacet
  facet normal 0.242967 0.970034 -0
    outer loop
      vertex 11.4514 13.7847 0
      vertex 10.9755 13.9039 10
      vertex 11.4514 13.7847 10
    endloop
  endfacet
  facet normal 0.242967 0.970034 0
    outer loop
      vertex 10.9755 13.9039 10
      vertex 11.4514 13.7847 0
      vertex 10.9755 13.9039 0
    endloop
  endfacet
  facet normal -0.0491143 0.998793 0
    outer loop
      vertex -10 14 0
      vertex -10.4901 13.9759 10
      vertex -10 14 10
    endloop
  endfacet
  facet normal -0.0491143 0.998793 0
    outer loop
      vertex -10.4901 13.9759 10
      vertex -10 14 0
      vertex -10.4901 13.9759 0
    endloop
  endfacet
  facet normal 0.427543 -0.903995 0
    outer loop
      vertex 11.9134 -13.6194 0
      vertex 12.357 -13.4096 10
      vertex 11.9134 -13.6194 10
    endloop
  endfacet
  facet normal 0.427543 -0.903995 0
    outer loop
      vertex 12.357 -13.4096 10
      vertex 11.9134 -13.6194 0
      vertex 12.357 -13.4096 0
    endloop
  endfacet
  facet normal 0.336879 0.941548 -0
    outer loop
      vertex 11.9134 13.6194 0
      vertex 11.4514 13.7847 10
      vertex 11.9134 13.6194 10
    endloop
  endfacet
  facet normal 0.336879 0.941548 0
    outer loop
      vertex 11.4514 13.7847 10
      vertex 11.9134 13.6194 0
      vertex 11.4514 13.7847 0
    endloop
  endfacet
  facet normal -0.427543 0.903995 0
    outer loop
      vertex -11.9134 13.6194 0
      vertex -12.357 13.4096 10
      vertex -11.9134 13.6194 10
    endloop
  endfacet
  facet normal -0.427543 0.903995 0
    outer loop
      vertex -12.357 13.4096 10
      vertex -11.9134 13.6194 0
      vertex -12.357 13.4096 0
    endloop
  endfacet
  facet normal -0.242967 -0.970034 0
    outer loop
      vertex -11.4514 -13.7847 0
      vertex -10.9755 -13.9039 10
      vertex -11.4514 -13.7847 10
    endloop
  endfacet
  facet normal -0.242967 -0.970034 -0
    outer loop
      vertex -10.9755 -13.9039 10
      vertex -11.4514 -13.7847 0
      vertex -10.9755 -13.9039 0
    endloop
  endfacet
  facet normal -0.336879 -0.941548 0
    outer loop
      vertex -11.9134 -13.6194 0
      vertex -11.4514 -13.7847 10
      vertex -11.9134 -13.6194 10
    endloop
  endfacet
  facet normal -0.336879 -0.941548 -0
    outer loop
      vertex -11.4514 -13.7847 10
      vertex -11.9134 -13.6194 0
      vertex -11.4514 -13.7847 0
    endloop
  endfacet
  facet normal -0.242967 0.970034 0
    outer loop
      vertex -10.9755 13.9039 0
      vertex -11.4514 13.7847 10
      vertex -10.9755 13.9039 10
    endloop
  endfacet
  facet normal -0.242967 0.970034 0
    outer loop
      vertex -11.4514 13.7847 10
      vertex -10.9755 13.9039 0
      vertex -11.4514 13.7847 0
    endloop
  endfacet
  facet normal 0.514136 -0.857709 0
    outer loop
      vertex 12.357 -13.4096 0
      vertex 12.7779 -13.1573 10
      vertex 12.357 -13.4096 10
    endloop
  endfacet
  facet normal 0.514136 -0.857709 0
    outer loop
      vertex 12.7779 -13.1573 10
      vertex 12.357 -13.4096 0
      vertex 12.7779 -13.1573 0
    endloop
  endfacet
  facet normal -0.514136 -0.857709 0
    outer loop
      vertex -12.7779 -13.1573 0
      vertex -12.357 -13.4096 10
      vertex -12.7779 -13.1573 10
    endloop
  endfacet
  facet normal -0.514136 -0.857709 -0
    outer loop
      vertex -12.357 -13.4096 10
      vertex -12.7779 -13.1573 0
      vertex -12.357 -13.4096 0
    endloop
  endfacet
  facet normal -0.146726 -0.989177 0
    outer loop
      vertex -10.9755 -13.9039 0
      vertex -10.4901 -13.9759 10
      vertex -10.9755 -13.9039 10
    endloop
  endfacet
  facet normal -0.146726 -0.989177 -0
    outer loop
      vertex -10.4901 -13.9759 10
      vertex -10.9755 -13.9039 0
      vertex -10.4901 -13.9759 0
    endloop
  endfacet
  facet normal 0.0491143 -0.998793 0
    outer loop
      vertex 10 -14 0
      vertex 10.4901 -13.9759 10
      vertex 10 -14 10
    endloop
  endfacet
  facet normal 0.0491143 -0.998793 0
    outer loop
      vertex 10.4901 -13.9759 10
      vertex 10 -14 0
      vertex 10.4901 -13.9759 0
    endloop
  endfacet
  facet normal 0.146726 0.989177 -0
    outer loop
      vertex 10.9755 13.9039 0
      vertex 10.4901 13.9759 10
      vertex 10.9755 13.9039 10
    endloop
  endfacet
  facet normal 0.146726 0.989177 0
    outer loop
      vertex 10.4901 13.9759 10
      vertex 10.9755 13.9039 0
      vertex 10.4901 13.9759 0
    endloop
  endfacet
  facet normal 0.242967 -0.970034 0
    outer loop
      vertex 10.9755 -13.9039 0
      vertex 11.4514 -13.7847 10
      vertex 10.9755 -13.9039 10
    endloop
  endfacet
  facet normal 0.242967 -0.970034 0
    outer loop
      vertex 11.4514 -13.7847 10
      vertex 10.9755 -13.9039 0
      vertex 11.4514 -13.7847 0
    endloop
  endfacet
  facet normal -0.427543 -0.903995 0
    outer loop
      vertex -12.357 -13.4096 0
      vertex -11.9134 -13.6194 10
      vertex -12.357 -13.4096 10
    endloop
  endfacet
  facet normal -0.427543 -0.903995 -0
    outer loop
      vertex -11.9134 -13.6194 10
      vertex -12.357 -13.4096 0
      vertex -11.9134 -13.6194 0
    endloop
  endfacet
  facet normal -0.336879 0.941548 0
    outer loop
      vertex -11.4514 13.7847 0
      vertex -11.9134 13.6194 10
      vertex -11.4514 13.7847 10
    endloop
  endfacet
  facet normal -0.336879 0.941548 0
    outer loop
      vertex -11.9134 13.6194 10
      vertex -11.4514 13.7847 0
      vertex -11.9134 13.6194 0
    endloop
  endfacet
  facet normal 0.336879 -0.941548 0
    outer loop
      vertex 11.4514 -13.7847 0
      vertex 11.9134 -13.6194 10
      vertex 11.4514 -13.7847 10
    endloop
  endfacet
  facet normal 0.336879 -0.941548 0
    outer loop
      vertex 11.9134 -13.6194 10
      vertex 11.4514 -13.7847 0
      vertex 11.9134 -13.6194 0
    endloop
  endfacet
  facet normal 0 -0.514116 0.857721
    outer loop
      vertex -20 4.33335 3.7528
      vertex -8 4.20709 3.67712
      vertex -8 4.33335 3.7528
    endloop
  endfacet
  facet normal 0 -0.514116 0.857721
    outer loop
      vertex -8 4.20709 3.67712
      vertex -20 4.33335 3.7528
      vertex -20 4.20709 3.67712
    endloop
  endfacet
  facet normal 0 -0.427569 -0.903983
    outer loop
      vertex -20 4.07402 6.38582
      vertex -17 4.20709 6.32288
      vertex -17 4.07402 6.38582
    endloop
  endfacet
  facet normal -0 -0.427569 -0.903983
    outer loop
      vertex -17 4.20709 6.32288
      vertex -20 4.07402 6.38582
      vertex -20 4.20709 6.32288
    endloop
  endfacet
  facet normal -0 0.3369 0.94154
    outer loop
      vertex -20 -3.93543 3.56459
      vertex -8 -4.07402 3.61418
      vertex -8 -3.93543 3.56459
    endloop
  endfacet
  facet normal 0 0.3369 0.94154
    outer loop
      vertex -8 -4.07402 3.61418
      vertex -20 -3.93543 3.56459
      vertex -20 -4.07402 3.61418
    endloop
  endfacet
  facet normal 0 0.146746 -0.989174
    outer loop
      vertex -20 -3.79263 6.47118
      vertex -17 -3.64703 6.49278
      vertex -17 -3.79263 6.47118
    endloop
  endfacet
  facet normal 0 0.146746 -0.989174
    outer loop
      vertex -17 -3.64703 6.49278
      vertex -20 -3.79263 6.47118
      vertex -20 -3.64703 6.49278
    endloop
  endfacet
  facet normal 0 -0.903983 -0.427569
    outer loop
      vertex -20 4.88582 5.57402
      vertex -17 4.82288 5.70709
      vertex -20 4.82288 5.70709
    endloop
  endfacet
  facet normal 0 -0.903983 -0.427569
    outer loop
      vertex -17 4.82288 5.70709
      vertex -20 4.88582 5.57402
      vertex -17 4.88582 5.57402
    endloop
  endfacet
  facet normal 0 0 -1
    outer loop
      vertex -20 -3.5 6.5
      vertex -17 3.5 6.5
      vertex -17 -3.5 6.5
    endloop
  endfacet
  facet normal -0 0 -1
    outer loop
      vertex -17 3.5 6.5
      vertex -20 -3.5 6.5
      vertex -20 3.5 6.5
    endloop
  endfacet
  facet normal -0 0.514116 0.857721
    outer loop
      vertex -20 -4.20709 3.67712
      vertex -8 -4.33335 3.7528
      vertex -8 -4.20709 3.67712
    endloop
  endfacet
  facet normal 0 0.514116 0.857721
    outer loop
      vertex -8 -4.33335 3.7528
      vertex -20 -4.20709 3.67712
      vertex -20 -4.33335 3.7528
    endloop
  endfacet
  facet normal -0 0 1
    outer loop
      vertex -20 3.5 3.5
      vertex -8 -3.5 3.5
      vertex -8 3.5 3.5
    endloop
  endfacet
  facet normal 0 0 1
    outer loop
      vertex -8 -3.5 3.5
      vertex -20 3.5 3.5
      vertex -20 -3.5 3.5
    endloop
  endfacet
  facet normal 0 0.94154 0.3369
    outer loop
      vertex -17 -4.88582 4.42598
      vertex -20 -4.93541 4.56457
      vertex -17 -4.93541 4.56457
    endloop
  endfacet
  facet normal 0 0.94154 0.3369
    outer loop
      vertex -20 -4.93541 4.56457
      vertex -17 -4.88582 4.42598
      vertex -20 -4.88582 4.42598
    endloop
  endfacet
  facet normal 0 0.970031 -0.242983
    outer loop
      vertex -17 -4.97118 5.29263
      vertex -20 -4.93541 5.43543
      vertex -17 -4.93541 5.43543
    endloop
  endfacet
  facet normal 0 0.970031 -0.242983
    outer loop
      vertex -20 -4.93541 5.43543
      vertex -17 -4.97118 5.29263
      vertex -20 -4.97118 5.29263
    endloop
  endfacet
  facet normal 0 -0.970031 -0.242983
    outer loop
      vertex -20 4.97118 5.29263
      vertex -17 4.93541 5.43543
      vertex -20 4.93541 5.43543
    endloop
  endfacet
  facet normal 0 -0.970031 -0.242983
    outer loop
      vertex -17 4.93541 5.43543
      vertex -20 4.97118 5.29263
      vertex -17 4.97118 5.29263
    endloop
  endfacet
  facet normal 0 -0.998796 0.0490465
    outer loop
      vertex -20 4.99278 4.85297
      vertex -17 5 5
      vertex -20 5 5
    endloop
  endfacet
  facet normal 0 -0.998796 0.0490465
    outer loop
      vertex -17 5 5
      vertex -20 4.99278 4.85297
      vertex -17 4.99278 4.85297
    endloop
  endfacet
  facet normal 0 0.0490465 -0.998796
    outer loop
      vertex -20 -3.64703 6.49278
      vertex -17 -3.5 6.5
      vertex -17 -3.64703 6.49278
    endloop
  endfacet
  facet normal 0 0.0490465 -0.998796
    outer loop
      vertex -17 -3.5 6.5
      vertex -20 -3.64703 6.49278
      vertex -20 -3.5 6.5
    endloop
  endfacet
  facet normal 0 -0.0490465 -0.998796
    outer loop
      vertex -20 3.5 6.5
      vertex -17 3.64703 6.49278
      vertex -17 3.5 6.5
    endloop
  endfacet
  facet normal -0 -0.0490465 -0.998796
    outer loop
      vertex -17 3.64703 6.49278
      vertex -20 3.5 6.5
      vertex -20 3.64703 6.49278
    endloop
  endfacet
  facet normal 0 0.514116 -0.857721
    outer loop
      vertex -20 -4.33335 6.2472
      vertex -17 -4.20709 6.32288
      vertex -17 -4.33335 6.2472
    endloop
  endfacet
  facet normal 0 0.514116 -0.857721
    outer loop
      vertex -17 -4.20709 6.32288
      vertex -20 -4.33335 6.2472
      vertex -20 -4.20709 6.32288
    endloop
  endfacet
  facet normal -0 0.595643 0.803249
    outer loop
      vertex -20 -4.33335 3.7528
      vertex -8 -4.45159 3.84048
      vertex -8 -4.33335 3.7528
    endloop
  endfacet
  facet normal 0 0.595643 0.803249
    outer loop
      vertex -8 -4.45159 3.84048
      vertex -20 -4.33335 3.7528
      vertex -20 -4.45159 3.84048
    endloop
  endfacet
  facet normal 0 0.740935 -0.671577
    outer loop
      vertex -17 -4.65952 5.95159
      vertex -20 -4.56066 6.06066
      vertex -17 -4.56066 6.06066
    endloop
  endfacet
  facet normal 0 0.740935 -0.671577
    outer loop
      vertex -20 -4.56066 6.06066
      vertex -17 -4.65952 5.95159
      vertex -20 -4.65952 5.95159
    endloop
  endfacet
  facet normal 0 -0.595643 -0.803249
    outer loop
      vertex -20 4.33335 6.2472
      vertex -17 4.45159 6.15952
      vertex -17 4.33335 6.2472
    endloop
  endfacet
  facet normal -0 -0.595643 -0.803249
    outer loop
      vertex -17 4.45159 6.15952
      vertex -20 4.33335 6.2472
      vertex -20 4.45159 6.15952
    endloop
  endfacet
  facet normal 0 0.998796 0.0490465
    outer loop
      vertex -17 -4.99278 4.85297
      vertex -20 -5 5
      vertex -17 -5 5
    endloop
  endfacet
  facet normal 0 0.998796 0.0490465
    outer loop
      vertex -20 -5 5
      vertex -17 -4.99278 4.85297
      vertex -20 -4.99278 4.85297
    endloop
  endfacet
  facet normal 0 0.803249 -0.595643
    outer loop
      vertex -17 -4.7472 5.83335
      vertex -20 -4.65952 5.95159
      vertex -17 -4.65952 5.95159
    endloop
  endfacet
  facet normal 0 0.803249 -0.595643
    outer loop
      vertex -20 -4.65952 5.95159
      vertex -17 -4.7472 5.83335
      vertex -20 -4.7472 5.83335
    endloop
  endfacet
  facet normal 0 -0.857721 0.514116
    outer loop
      vertex -20 4.7472 4.16665
      vertex -17 4.82288 4.29291
      vertex -20 4.82288 4.29291
    endloop
  endfacet
  facet normal 0 -0.857721 0.514116
    outer loop
      vertex -17 4.82288 4.29291
      vertex -20 4.7472 4.16665
      vertex -17 4.7472 4.16665
    endloop
  endfacet
  facet normal 0 0.998796 -0.0490465
    outer loop
      vertex -17 -5 5
      vertex -20 -4.99278 5.14703
      vertex -17 -4.99278 5.14703
    endloop
  endfacet
  facet normal 0 0.998796 -0.0490465
    outer loop
      vertex -20 -4.99278 5.14703
      vertex -17 -5 5
      vertex -20 -5 5
    endloop
  endfacet
  facet normal 0 -0.970031 0.242983
    outer loop
      vertex -20 4.93541 4.56457
      vertex -17 4.97118 4.70737
      vertex -20 4.97118 4.70737
    endloop
  endfacet
  facet normal 0 -0.970031 0.242983
    outer loop
      vertex -17 4.97118 4.70737
      vertex -20 4.93541 4.56457
      vertex -17 4.93541 4.56457
    endloop
  endfacet
  facet normal 0 -0.3369 0.94154
    outer loop
      vertex -20 4.07402 3.61418
      vertex -8 3.93543 3.56459
      vertex -8 4.07402 3.61418
    endloop
  endfacet
  facet normal 0 -0.3369 0.94154
    outer loop
      vertex -8 3.93543 3.56459
      vertex -20 4.07402 3.61418
      vertex -20 3.93543 3.56459
    endloop
  endfacet
  facet normal 0 0.3369 -0.94154
    outer loop
      vertex -20 -4.07402 6.38582
      vertex -17 -3.93543 6.43541
      vertex -17 -4.07402 6.38582
    endloop
  endfacet
  facet normal 0 0.3369 -0.94154
    outer loop
      vertex -17 -3.93543 6.43541
      vertex -20 -4.07402 6.38582
      vertex -20 -3.93543 6.43541
    endloop
  endfacet
  facet normal 0 0.989174 0.146746
    outer loop
      vertex -17 -4.97118 4.70737
      vertex -20 -4.99278 4.85297
      vertex -17 -4.99278 4.85297
    endloop
  endfacet
  facet normal 0 0.989174 0.146746
    outer loop
      vertex -20 -4.99278 4.85297
      vertex -17 -4.97118 4.70737
      vertex -20 -4.97118 4.70737
    endloop
  endfacet
  facet normal 0 -0.242983 0.970031
    outer loop
      vertex -20 3.93543 3.56459
      vertex -8 3.79263 3.52882
      vertex -8 3.93543 3.56459
    endloop
  endfacet
  facet normal 0 -0.242983 0.970031
    outer loop
      vertex -8 3.79263 3.52882
      vertex -20 3.93543 3.56459
      vertex -20 3.79263 3.52882
    endloop
  endfacet
  facet normal 0 -0.146746 -0.989174
    outer loop
      vertex -20 3.64703 6.49278
      vertex -17 3.79263 6.47118
      vertex -17 3.64703 6.49278
    endloop
  endfacet
  facet normal -0 -0.146746 -0.989174
    outer loop
      vertex -17 3.79263 6.47118
      vertex -20 3.64703 6.49278
      vertex -20 3.79263 6.47118
    endloop
  endfacet
  facet normal 0 -0.242983 -0.970031
    outer loop
      vertex -20 3.79263 6.47118
      vertex -17 3.93543 6.43541
      vertex -17 3.79263 6.47118
    endloop
  endfacet
  facet normal -0 -0.242983 -0.970031
    outer loop
      vertex -17 3.93543 6.43541
      vertex -20 3.79263 6.47118
      vertex -20 3.93543 6.43541
    endloop
  endfacet
  facet normal -0 0.242983 0.970031
    outer loop
      vertex -20 -3.79263 3.52882
      vertex -8 -3.93543 3.56459
      vertex -8 -3.79263 3.52882
    endloop
  endfacet
  facet normal 0 0.242983 0.970031
    outer loop
      vertex -8 -3.93543 3.56459
      vertex -20 -3.79263 3.52882
      vertex -20 -3.93543 3.56459
    endloop
  endfacet
  facet normal 0 -0.0490465 0.998796
    outer loop
      vertex -20 3.64703 3.50722
      vertex -8 3.5 3.5
      vertex -8 3.64703 3.50722
    endloop
  endfacet
  facet normal 0 -0.0490465 0.998796
    outer loop
      vertex -8 3.5 3.5
      vertex -20 3.64703 3.50722
      vertex -20 3.5 3.5
    endloop
  endfacet
  facet normal 0 -0.94154 0.3369
    outer loop
      vertex -20 4.88582 4.42598
      vertex -17 4.93541 4.56457
      vertex -20 4.93541 4.56457
    endloop
  endfacet
  facet normal 0 -0.94154 0.3369
    outer loop
      vertex -17 4.93541 4.56457
      vertex -20 4.88582 4.42598
      vertex -17 4.88582 4.42598
    endloop
  endfacet
  facet normal 0 0.857721 -0.514116
    outer loop
      vertex -17 -4.82288 5.70709
      vertex -20 -4.7472 5.83335
      vertex -17 -4.7472 5.83335
    endloop
  endfacet
  facet normal 0 0.857721 -0.514116
    outer loop
      vertex -20 -4.7472 5.83335
      vertex -17 -4.82288 5.70709
      vertex -20 -4.82288 5.70709
    endloop
  endfacet
  facet normal 0 0.857721 0.514116
    outer loop
      vertex -17 -4.7472 4.16665
      vertex -20 -4.82288 4.29291
      vertex -17 -4.82288 4.29291
    endloop
  endfacet
  facet normal 0 0.857721 0.514116
    outer loop
      vertex -20 -4.82288 4.29291
      vertex -17 -4.7472 4.16665
      vertex -20 -4.7472 4.16665
    endloop
  endfacet
  facet normal -0 0.427569 0.903983
    outer loop
      vertex -20 -4.07402 3.61418
      vertex -8 -4.20709 3.67712
      vertex -8 -4.07402 3.61418
    endloop
  endfacet
  facet normal 0 0.427569 0.903983
    outer loop
      vertex -8 -4.20709 3.67712
      vertex -20 -4.07402 3.61418
      vertex -20 -4.20709 3.67712
    endloop
  endfacet
  facet normal 0 0.903983 -0.427569
    outer loop
      vertex -17 -4.88582 5.57402
      vertex -20 -4.82288 5.70709
      vertex -17 -4.82288 5.70709
    endloop
  endfacet
  facet normal 0 0.903983 -0.427569
    outer loop
      vertex -20 -4.82288 5.70709
      vertex -17 -4.88582 5.57402
      vertex -20 -4.88582 5.57402
    endloop
  endfacet
  facet normal 0 0.242983 -0.970031
    outer loop
      vertex -20 -3.93543 6.43541
      vertex -17 -3.79263 6.47118
      vertex -17 -3.93543 6.43541
    endloop
  endfacet
  facet normal 0 0.242983 -0.970031
    outer loop
      vertex -17 -3.79263 6.47118
      vertex -20 -3.93543 6.43541
      vertex -20 -3.79263 6.47118
    endloop
  endfacet
  facet normal 0 -0.998796 -0.0490465
    outer loop
      vertex -20 5 5
      vertex -17 4.99278 5.14703
      vertex -20 4.99278 5.14703
    endloop
  endfacet
  facet normal 0 -0.998796 -0.0490465
    outer loop
      vertex -17 4.99278 5.14703
      vertex -20 5 5
      vertex -17 5 5
    endloop
  endfacet
  facet normal 0 0.989174 -0.146746
    outer loop
      vertex -17 -4.99278 5.14703
      vertex -20 -4.97118 5.29263
      vertex -17 -4.97118 5.29263
    endloop
  endfacet
  facet normal 0 0.989174 -0.146746
    outer loop
      vertex -20 -4.97118 5.29263
      vertex -17 -4.99278 5.14703
      vertex -20 -4.99278 5.14703
    endloop
  endfacet
  facet normal 0 -0.146746 0.989174
    outer loop
      vertex -20 3.79263 3.52882
      vertex -8 3.64703 3.50722
      vertex -8 3.79263 3.52882
    endloop
  endfacet
  facet normal 0 -0.146746 0.989174
    outer loop
      vertex -8 3.64703 3.50722
      vertex -20 3.79263 3.52882
      vertex -20 3.64703 3.50722
    endloop
  endfacet
  facet normal 0 -0.903983 0.427569
    outer loop
      vertex -20 4.82288 4.29291
      vertex -17 4.88582 4.42598
      vertex -20 4.88582 4.42598
    endloop
  endfacet
  facet normal 0 -0.903983 0.427569
    outer loop
      vertex -17 4.88582 4.42598
      vertex -20 4.82288 4.29291
      vertex -17 4.82288 4.29291
    endloop
  endfacet
  facet normal 0 -0.671577 -0.740935
    outer loop
      vertex -20 4.45159 6.15952
      vertex -17 4.56066 6.06066
      vertex -17 4.45159 6.15952
    endloop
  endfacet
  facet normal -0 -0.671577 -0.740935
    outer loop
      vertex -17 4.56066 6.06066
      vertex -20 4.45159 6.15952
      vertex -20 4.56066 6.06066
    endloop
  endfacet
  facet normal -0 0.0490465 0.998796
    outer loop
      vertex -20 -3.5 3.5
      vertex -8 -3.64703 3.50722
      vertex -8 -3.5 3.5
    endloop
  endfacet
  facet normal 0 0.0490465 0.998796
    outer loop
      vertex -8 -3.64703 3.50722
      vertex -20 -3.5 3.5
      vertex -20 -3.64703 3.50722
    endloop
  endfacet
  facet normal 0 -0.740923 0.67159
    outer loop
      vertex -20 4.65952 4.04841
      vertex -17 4.61564 4
      vertex -17 4.65952 4.04841
    endloop
  endfacet
  facet normal -4.05328e-07 -0.740935 0.671577
    outer loop
      vertex -20 4.56066 3.93934
      vertex -17 4.61564 4
      vertex -20 4.65952 4.04841
    endloop
  endfacet
  facet normal 0 -0.740945 0.671566
    outer loop
      vertex -8 4.56066 3.93934
      vertex -17 4.61564 4
      vertex -20 4.56066 3.93934
    endloop
  endfacet
  facet normal 0 -0.740945 0.671566
    outer loop
      vertex -17 4.61564 4
      vertex -8 4.56066 3.93934
      vertex -8 4.61564 4
    endloop
  endfacet
  facet normal 0 -0.94154 -0.3369
    outer loop
      vertex -20 4.93541 5.43543
      vertex -17 4.88582 5.57402
      vertex -20 4.88582 5.57402
    endloop
  endfacet
  facet normal 0 -0.94154 -0.3369
    outer loop
      vertex -17 4.88582 5.57402
      vertex -20 4.93541 5.43543
      vertex -17 4.93541 5.43543
    endloop
  endfacet
  facet normal -0 0.146746 0.989174
    outer loop
      vertex -20 -3.64703 3.50722
      vertex -8 -3.79263 3.52882
      vertex -8 -3.64703 3.50722
    endloop
  endfacet
  facet normal 0 0.146746 0.989174
    outer loop
      vertex -8 -3.79263 3.52882
      vertex -20 -3.64703 3.50722
      vertex -20 -3.79263 3.52882
    endloop
  endfacet
  facet normal 0 0.903983 0.427569
    outer loop
      vertex -17 -4.82288 4.29291
      vertex -20 -4.88582 4.42598
      vertex -17 -4.88582 4.42598
    endloop
  endfacet
  facet normal 0 0.903983 0.427569
    outer loop
      vertex -20 -4.88582 4.42598
      vertex -17 -4.82288 4.29291
      vertex -20 -4.82288 4.29291
    endloop
  endfacet
  facet normal 0 -0.427569 0.903983
    outer loop
      vertex -20 4.20709 3.67712
      vertex -8 4.07402 3.61418
      vertex -8 4.20709 3.67712
    endloop
  endfacet
  facet normal 0 -0.427569 0.903983
    outer loop
      vertex -8 4.07402 3.61418
      vertex -20 4.20709 3.67712
      vertex -20 4.07402 3.61418
    endloop
  endfacet
  facet normal 0 0.803249 0.595643
    outer loop
      vertex -17 -4.65952 4.04841
      vertex -20 -4.7472 4.16665
      vertex -17 -4.7472 4.16665
    endloop
  endfacet
  facet normal 0 0.803249 0.595643
    outer loop
      vertex -20 -4.7472 4.16665
      vertex -17 -4.65952 4.04841
      vertex -20 -4.65952 4.04841
    endloop
  endfacet
  facet normal 0 -0.740935 -0.671577
    outer loop
      vertex -20 4.65952 5.95159
      vertex -17 4.56066 6.06066
      vertex -20 4.56066 6.06066
    endloop
  endfacet
  facet normal 0 -0.740935 -0.671577
    outer loop
      vertex -17 4.56066 6.06066
      vertex -20 4.65952 5.95159
      vertex -17 4.65952 5.95159
    endloop
  endfacet
  facet normal 0 0.595643 -0.803249
    outer loop
      vertex -20 -4.45159 6.15952
      vertex -17 -4.33335 6.2472
      vertex -17 -4.45159 6.15952
    endloop
  endfacet
  facet normal 0 0.595643 -0.803249
    outer loop
      vertex -17 -4.33335 6.2472
      vertex -20 -4.45159 6.15952
      vertex -20 -4.33335 6.2472
    endloop
  endfacet
  facet normal 0 -0.857721 -0.514116
    outer loop
      vertex -20 4.82288 5.70709
      vertex -17 4.7472 5.83335
      vertex -20 4.7472 5.83335
    endloop
  endfacet
  facet normal 0 -0.857721 -0.514116
    outer loop
      vertex -17 4.7472 5.83335
      vertex -20 4.82288 5.70709
      vertex -17 4.82288 5.70709
    endloop
  endfacet
  facet normal 0 0.970031 0.242983
    outer loop
      vertex -17 -4.93541 4.56457
      vertex -20 -4.97118 4.70737
      vertex -17 -4.97118 4.70737
    endloop
  endfacet
  facet normal 0 0.970031 0.242983
    outer loop
      vertex -20 -4.97118 4.70737
      vertex -17 -4.93541 4.56457
      vertex -20 -4.93541 4.56457
    endloop
  endfacet
  facet normal 0 0.740945 0.671566
    outer loop
      vertex -8 -4.61564 4
      vertex -8 -4.56066 3.93934
      vertex -17 -4.61564 4
    endloop
  endfacet
  facet normal 0 0.740923 0.67159
    outer loop
      vertex -17 -4.61564 4
      vertex -20 -4.65952 4.04841
      vertex -17 -4.65952 4.04841
    endloop
  endfacet
  facet normal -4.05328e-07 0.740935 0.671577
    outer loop
      vertex -17 -4.61564 4
      vertex -20 -4.56066 3.93934
      vertex -20 -4.65952 4.04841
    endloop
  endfacet
  facet normal -0 0.740945 0.671566
    outer loop
      vertex -20 -4.56066 3.93934
      vertex -17 -4.61564 4
      vertex -8 -4.56066 3.93934
    endloop
  endfacet
  facet normal 0 0.94154 -0.3369
    outer loop
      vertex -17 -4.93541 5.43543
      vertex -20 -4.88582 5.57402
      vertex -17 -4.88582 5.57402
    endloop
  endfacet
  facet normal 0 0.94154 -0.3369
    outer loop
      vertex -20 -4.88582 5.57402
      vertex -17 -4.93541 5.43543
      vertex -20 -4.93541 5.43543
    endloop
  endfacet
  facet normal 0 -0.989174 -0.146746
    outer loop
      vertex -20 4.99278 5.14703
      vertex -17 4.97118 5.29263
      vertex -20 4.97118 5.29263
    endloop
  endfacet
  facet normal 0 -0.989174 -0.146746
    outer loop
      vertex -17 4.97118 5.29263
      vertex -20 4.99278 5.14703
      vertex -17 4.99278 5.14703
    endloop
  endfacet
  facet normal 0 -0.3369 -0.94154
    outer loop
      vertex -20 3.93543 6.43541
      vertex -17 4.07402 6.38582
      vertex -17 3.93543 6.43541
    endloop
  endfacet
  facet normal -0 -0.3369 -0.94154
    outer loop
      vertex -17 4.07402 6.38582
      vertex -20 3.93543 6.43541
      vertex -20 4.07402 6.38582
    endloop
  endfacet
  facet normal 0 -0.803249 -0.595643
    outer loop
      vertex -20 4.7472 5.83335
      vertex -17 4.65952 5.95159
      vertex -20 4.65952 5.95159
    endloop
  endfacet
  facet normal 0 -0.803249 -0.595643
    outer loop
      vertex -17 4.65952 5.95159
      vertex -20 4.7472 5.83335
      vertex -17 4.7472 5.83335
    endloop
  endfacet
  facet normal 0 -0.514116 -0.857721
    outer loop
      vertex -20 4.20709 6.32288
      vertex -17 4.33335 6.2472
      vertex -17 4.20709 6.32288
    endloop
  endfacet
  facet normal -0 -0.514116 -0.857721
    outer loop
      vertex -17 4.33335 6.2472
      vertex -20 4.20709 6.32288
      vertex -20 4.33335 6.2472
    endloop
  endfacet
  facet normal 0 -0.989174 0.146746
    outer loop
      vertex -20 4.97118 4.70737
      vertex -17 4.99278 4.85297
      vertex -20 4.99278 4.85297
    endloop
  endfacet
  facet normal 0 -0.989174 0.146746
    outer loop
      vertex -17 4.99278 4.85297
      vertex -20 4.97118 4.70737
      vertex -17 4.97118 4.70737
    endloop
  endfacet
  facet normal 0 -0.595643 0.803249
    outer loop
      vertex -20 4.45159 3.84048
      vertex -8 4.33335 3.7528
      vertex -8 4.45159 3.84048
    endloop
  endfacet
  facet normal 0 -0.595643 0.803249
    outer loop
      vertex -8 4.33335 3.7528
      vertex -20 4.45159 3.84048
      vertex -20 4.33335 3.7528
    endloop
  endfacet
  facet normal 0 -0.803249 0.595643
    outer loop
      vertex -20 4.65952 4.04841
      vertex -17 4.7472 4.16665
      vertex -20 4.7472 4.16665
    endloop
  endfacet
  facet normal 0 -0.803249 0.595643
    outer loop
      vertex -17 4.7472 4.16665
      vertex -20 4.65952 4.04841
      vertex -17 4.65952 4.04841
    endloop
  endfacet
  facet normal 0 0.427569 -0.903983
    outer loop
      vertex -20 -4.20709 6.32288
      vertex -17 -4.07402 6.38582
      vertex -17 -4.20709 6.32288
    endloop
  endfacet
  facet normal 0 0.427569 -0.903983
    outer loop
      vertex -17 -4.07402 6.38582
      vertex -20 -4.20709 6.32288
      vertex -20 -4.07402 6.38582
    endloop
  endfacet
  facet normal 0 0.671577 -0.740935
    outer loop
      vertex -20 -4.56066 6.06066
      vertex -17 -4.45159 6.15952
      vertex -17 -4.56066 6.06066
    endloop
  endfacet
  facet normal 0 0.671577 -0.740935
    outer loop
      vertex -17 -4.45159 6.15952
      vertex -20 -4.56066 6.06066
      vertex -20 -4.45159 6.15952
    endloop
  endfacet
  facet normal 0 -0.671577 0.740935
    outer loop
      vertex -20 4.56066 3.93934
      vertex -8 4.45159 3.84048
      vertex -8 4.56066 3.93934
    endloop
  endfacet
  facet normal 0 -0.671577 0.740935
    outer loop
      vertex -8 4.45159 3.84048
      vertex -20 4.56066 3.93934
      vertex -20 4.45159 3.84048
    endloop
  endfacet
  facet normal -0 0.671577 0.740935
    outer loop
      vertex -20 -4.45159 3.84048
      vertex -8 -4.56066 3.93934
      vertex -8 -4.45159 3.84048
    endloop
  endfacet
  facet normal 0 0.671577 0.740935
    outer loop
      vertex -8 -4.56066 3.93934
      vertex -20 -4.45159 3.84048
      vertex -20 -4.56066 3.93934
    endloop
  endfacet
  facet normal -1 0 0
    outer loop
      vertex -8 4.45159 3.84048
      vertex -8 4.61564 4
      vertex -8 4.56066 3.93934
    endloop
  endfacet
  facet normal -1 0 0
    outer loop
      vertex -8 4.33335 3.7528
      vertex -8 4.61564 4
      vertex -8 4.45159 3.84048
    endloop
  endfacet
  facet normal -1 0 0
    outer loop
      vertex -8 4.20709 3.67712
      vertex -8 4.61564 4
      vertex -8 4.33335 3.7528
    endloop
  endfacet
  facet normal -1 0 0
    outer loop
      vertex -8 4.07402 3.61418
      vertex -8 4.61564 4
      vertex -8 4.20709 3.67712
    endloop
  endfacet
  facet normal -1 0 0
    outer loop
      vertex -8 3.93543 3.56459
      vertex -8 4.61564 4
      vertex -8 4.07402 3.61418
    endloop
  endfacet
  facet normal -1 0 0
    outer loop
      vertex -8 3.79263 3.52882
      vertex -8 4.61564 4
      vertex -8 3.93543 3.56459
    endloop
  endfacet
  facet normal -1 0 0
    outer loop
      vertex -8 3.64703 3.50722
      vertex -8 4.61564 4
      vertex -8 3.79263 3.52882
    endloop
  endfacet
  facet normal -1 0 0
    outer loop
      vertex -8 3.5 3.5
      vertex -8 4.61564 4
      vertex -8 3.64703 3.50722
    endloop
  endfacet
  facet normal -1 0 0
    outer loop
      vertex -8 -3.5 3.5
      vertex -8 4.61564 4
      vertex -8 3.5 3.5
    endloop
  endfacet
  facet normal -1 0 0
    outer loop
      vertex -8 -4.61564 4
      vertex -8 -3.5 3.5
      vertex -8 -3.64703 3.50722
    endloop
  endfacet
  facet normal -1 0 0
    outer loop
      vertex -8 -4.61564 4
      vertex -8 -3.64703 3.50722
      vertex -8 -3.79263 3.52882
    endloop
  endfacet
  facet normal -1 0 0
    outer loop
      vertex -8 -4.61564 4
      vertex -8 -3.79263 3.52882
      vertex -8 -3.93543 3.56459
    endloop
  endfacet
  facet normal -1 0 0
    outer loop
      vertex -8 -4.61564 4
      vertex -8 -3.93543 3.56459
      vertex -8 -4.07402 3.61418
    endloop
  endfacet
  facet normal -1 0 0
    outer loop
      vertex -8 -4.61564 4
      vertex -8 -4.07402 3.61418
      vertex -8 -4.20709 3.67712
    endloop
  endfacet
  facet normal -1 0 0
    outer loop
      vertex -8 -4.61564 4
      vertex -8 -4.20709 3.67712
      vertex -8 -4.33335 3.7528
    endloop
  endfacet
  facet normal -1 0 0
    outer loop
      vertex -8 -4.61564 4
      vertex -8 -4.33335 3.7528
      vertex -8 -4.45159 3.84048
    endloop
  endfacet
  facet normal -1 0 0
    outer loop
      vertex -8 -4.61564 4
      vertex -8 -4.45159 3.84048
      vertex -8 -4.56066 3.93934
    endloop
  endfacet
  facet normal -1 0 0
    outer loop
      vertex -8 -3.5 3.5
      vertex -8 -4.61564 4
      vertex -8 4.61564 4
    endloop
  endfacet
  facet normal 0 0.740923 0.67159
    outer loop
      vertex 20 -4.65952 4.04841
      vertex 17 -4.61564 4
      vertex 17 -4.65952 4.04841
    endloop
  endfacet
  facet normal 4.05328e-07 0.740935 0.671577
    outer loop
      vertex 20 -4.56066 3.93934
      vertex 17 -4.61564 4
      vertex 20 -4.65952 4.04841
    endloop
  endfacet
  facet normal -0 0.740945 0.671566
    outer loop
      vertex 8 -4.56066 3.93934
      vertex 17 -4.61564 4
      vertex 20 -4.56066 3.93934
    endloop
  endfacet
  facet normal 0 0.740945 0.671566
    outer loop
      vertex 17 -4.61564 4
      vertex 8 -4.56066 3.93934
      vertex 8 -4.61564 4
    endloop
  endfacet
  facet normal 0 -0.803249 0.595643
    outer loop
      vertex 17 4.65952 4.04841
      vertex 20 4.7472 4.16665
      vertex 17 4.7472 4.16665
    endloop
  endfacet
  facet normal 0 -0.803249 0.595643
    outer loop
      vertex 20 4.7472 4.16665
      vertex 17 4.65952 4.04841
      vertex 20 4.65952 4.04841
    endloop
  endfacet
  facet normal 0 -0.146746 -0.989174
    outer loop
      vertex 17 3.64703 6.49278
      vertex 20 3.79263 6.47118
      vertex 20 3.64703 6.49278
    endloop
  endfacet
  facet normal -0 -0.146746 -0.989174
    outer loop
      vertex 20 3.79263 6.47118
      vertex 17 3.64703 6.49278
      vertex 17 3.79263 6.47118
    endloop
  endfacet
  facet normal 0 0.857721 -0.514116
    outer loop
      vertex 20 -4.82288 5.70709
      vertex 17 -4.7472 5.83335
      vertex 20 -4.7472 5.83335
    endloop
  endfacet
  facet normal 0 0.857721 -0.514116
    outer loop
      vertex 17 -4.7472 5.83335
      vertex 20 -4.82288 5.70709
      vertex 17 -4.82288 5.70709
    endloop
  endfacet
  facet normal 0 0.3369 -0.94154
    outer loop
      vertex 17 -4.07402 6.38582
      vertex 20 -3.93543 6.43541
      vertex 20 -4.07402 6.38582
    endloop
  endfacet
  facet normal 0 0.3369 -0.94154
    outer loop
      vertex 20 -3.93543 6.43541
      vertex 17 -4.07402 6.38582
      vertex 17 -3.93543 6.43541
    endloop
  endfacet
  facet normal 0 -0.0490465 -0.998796
    outer loop
      vertex 17 3.5 6.5
      vertex 20 3.64703 6.49278
      vertex 20 3.5 6.5
    endloop
  endfacet
  facet normal -0 -0.0490465 -0.998796
    outer loop
      vertex 20 3.64703 6.49278
      vertex 17 3.5 6.5
      vertex 17 3.64703 6.49278
    endloop
  endfacet
  facet normal 0 -0.803249 -0.595643
    outer loop
      vertex 17 4.7472 5.83335
      vertex 20 4.65952 5.95159
      vertex 17 4.65952 5.95159
    endloop
  endfacet
  facet normal 0 -0.803249 -0.595643
    outer loop
      vertex 20 4.65952 5.95159
      vertex 17 4.7472 5.83335
      vertex 20 4.7472 5.83335
    endloop
  endfacet
  facet normal 0 -0.514116 -0.857721
    outer loop
      vertex 17 4.20709 6.32288
      vertex 20 4.33335 6.2472
      vertex 20 4.20709 6.32288
    endloop
  endfacet
  facet normal -0 -0.514116 -0.857721
    outer loop
      vertex 20 4.33335 6.2472
      vertex 17 4.20709 6.32288
      vertex 17 4.33335 6.2472
    endloop
  endfacet
  facet normal 0 -0.146746 0.989174
    outer loop
      vertex 8 3.79263 3.52882
      vertex 20 3.64703 3.50722
      vertex 20 3.79263 3.52882
    endloop
  endfacet
  facet normal 0 -0.146746 0.989174
    outer loop
      vertex 20 3.64703 3.50722
      vertex 8 3.79263 3.52882
      vertex 8 3.64703 3.50722
    endloop
  endfacet
  facet normal 0 -0.595643 0.803249
    outer loop
      vertex 8 4.45159 3.84048
      vertex 20 4.33335 3.7528
      vertex 20 4.45159 3.84048
    endloop
  endfacet
  facet normal 0 -0.595643 0.803249
    outer loop
      vertex 20 4.33335 3.7528
      vertex 8 4.45159 3.84048
      vertex 8 4.33335 3.7528
    endloop
  endfacet
  facet normal 0 -0.671577 -0.740935
    outer loop
      vertex 17 4.45159 6.15952
      vertex 20 4.56066 6.06066
      vertex 20 4.45159 6.15952
    endloop
  endfacet
  facet normal -0 -0.671577 -0.740935
    outer loop
      vertex 20 4.56066 6.06066
      vertex 17 4.45159 6.15952
      vertex 17 4.56066 6.06066
    endloop
  endfacet
  facet normal 0 0.989174 0.146746
    outer loop
      vertex 20 -4.97118 4.70737
      vertex 17 -4.99278 4.85297
      vertex 20 -4.99278 4.85297
    endloop
  endfacet
  facet normal 0 0.989174 0.146746
    outer loop
      vertex 17 -4.99278 4.85297
      vertex 20 -4.97118 4.70737
      vertex 17 -4.97118 4.70737
    endloop
  endfacet
  facet normal 0 0.242983 -0.970031
    outer loop
      vertex 17 -3.93543 6.43541
      vertex 20 -3.79263 6.47118
      vertex 20 -3.93543 6.43541
    endloop
  endfacet
  facet normal 0 0.242983 -0.970031
    outer loop
      vertex 20 -3.79263 6.47118
      vertex 17 -3.93543 6.43541
      vertex 17 -3.79263 6.47118
    endloop
  endfacet
  facet normal 0 -0.740945 0.671566
    outer loop
      vertex 8 4.61564 4
      vertex 8 4.56066 3.93934
      vertex 17 4.61564 4
    endloop
  endfacet
  facet normal 0 -0.740923 0.67159
    outer loop
      vertex 17 4.61564 4
      vertex 20 4.65952 4.04841
      vertex 17 4.65952 4.04841
    endloop
  endfacet
  facet normal 4.05328e-07 -0.740935 0.671577
    outer loop
      vertex 17 4.61564 4
      vertex 20 4.56066 3.93934
      vertex 20 4.65952 4.04841
    endloop
  endfacet
  facet normal 0 -0.740945 0.671566
    outer loop
      vertex 20 4.56066 3.93934
      vertex 17 4.61564 4
      vertex 8 4.56066 3.93934
    endloop
  endfacet
  facet normal 0 0.970031 -0.242983
    outer loop
      vertex 20 -4.97118 5.29263
      vertex 17 -4.93541 5.43543
      vertex 20 -4.93541 5.43543
    endloop
  endfacet
  facet normal 0 0.970031 -0.242983
    outer loop
      vertex 17 -4.93541 5.43543
      vertex 20 -4.97118 5.29263
      vertex 17 -4.97118 5.29263
    endloop
  endfacet
  facet normal 0 0.0490465 -0.998796
    outer loop
      vertex 17 -3.64703 6.49278
      vertex 20 -3.5 6.5
      vertex 20 -3.64703 6.49278
    endloop
  endfacet
  facet normal 0 0.0490465 -0.998796
    outer loop
      vertex 20 -3.5 6.5
      vertex 17 -3.64703 6.49278
      vertex 17 -3.5 6.5
    endloop
  endfacet
  facet normal 0 0.903983 -0.427569
    outer loop
      vertex 20 -4.88582 5.57402
      vertex 17 -4.82288 5.70709
      vertex 20 -4.82288 5.70709
    endloop
  endfacet
  facet normal 0 0.903983 -0.427569
    outer loop
      vertex 17 -4.82288 5.70709
      vertex 20 -4.88582 5.57402
      vertex 17 -4.88582 5.57402
    endloop
  endfacet
  facet normal -0 0.671577 0.740935
    outer loop
      vertex 8 -4.45159 3.84048
      vertex 20 -4.56066 3.93934
      vertex 20 -4.45159 3.84048
    endloop
  endfacet
  facet normal 0 0.671577 0.740935
    outer loop
      vertex 20 -4.56066 3.93934
      vertex 8 -4.45159 3.84048
      vertex 8 -4.56066 3.93934
    endloop
  endfacet
  facet normal -0 0 1
    outer loop
      vertex 8 3.5 3.5
      vertex 20 -3.5 3.5
      vertex 20 3.5 3.5
    endloop
  endfacet
  facet normal 0 0 1
    outer loop
      vertex 20 -3.5 3.5
      vertex 8 3.5 3.5
      vertex 8 -3.5 3.5
    endloop
  endfacet
  facet normal 0 -0.242983 0.970031
    outer loop
      vertex 8 3.93543 3.56459
      vertex 20 3.79263 3.52882
      vertex 20 3.93543 3.56459
    endloop
  endfacet
  facet normal 0 -0.242983 0.970031
    outer loop
      vertex 20 3.79263 3.52882
      vertex 8 3.93543 3.56459
      vertex 8 3.79263 3.52882
    endloop
  endfacet
  facet normal 0 0.903983 0.427569
    outer loop
      vertex 20 -4.82288 4.29291
      vertex 17 -4.88582 4.42598
      vertex 20 -4.88582 4.42598
    endloop
  endfacet
  facet normal 0 0.903983 0.427569
    outer loop
      vertex 17 -4.88582 4.42598
      vertex 20 -4.82288 4.29291
      vertex 17 -4.82288 4.29291
    endloop
  endfacet
  facet normal -0 0.146746 0.989174
    outer loop
      vertex 8 -3.64703 3.50722
      vertex 20 -3.79263 3.52882
      vertex 20 -3.64703 3.50722
    endloop
  endfacet
  facet normal 0 0.146746 0.989174
    outer loop
      vertex 20 -3.79263 3.52882
      vertex 8 -3.64703 3.50722
      vertex 8 -3.79263 3.52882
    endloop
  endfacet
  facet normal 0 0.998796 -0.0490465
    outer loop
      vertex 20 -5 5
      vertex 17 -4.99278 5.14703
      vertex 20 -4.99278 5.14703
    endloop
  endfacet
  facet normal 0 0.998796 -0.0490465
    outer loop
      vertex 17 -4.99278 5.14703
      vertex 20 -5 5
      vertex 17 -5 5
    endloop
  endfacet
  facet normal 0 -0.595643 -0.803249
    outer loop
      vertex 17 4.33335 6.2472
      vertex 20 4.45159 6.15952
      vertex 20 4.33335 6.2472
    endloop
  endfacet
  facet normal -0 -0.595643 -0.803249
    outer loop
      vertex 20 4.45159 6.15952
      vertex 17 4.33335 6.2472
      vertex 17 4.45159 6.15952
    endloop
  endfacet
  facet normal -0 0.595643 0.803249
    outer loop
      vertex 8 -4.33335 3.7528
      vertex 20 -4.45159 3.84048
      vertex 20 -4.33335 3.7528
    endloop
  endfacet
  facet normal 0 0.595643 0.803249
    outer loop
      vertex 20 -4.45159 3.84048
      vertex 8 -4.33335 3.7528
      vertex 8 -4.45159 3.84048
    endloop
  endfacet
  facet normal 0 0.740935 -0.671577
    outer loop
      vertex 20 -4.65952 5.95159
      vertex 17 -4.56066 6.06066
      vertex 20 -4.56066 6.06066
    endloop
  endfacet
  facet normal 0 0.740935 -0.671577
    outer loop
      vertex 17 -4.56066 6.06066
      vertex 20 -4.65952 5.95159
      vertex 17 -4.65952 5.95159
    endloop
  endfacet
  facet normal -0 0.242983 0.970031
    outer loop
      vertex 8 -3.79263 3.52882
      vertex 20 -3.93543 3.56459
      vertex 20 -3.79263 3.52882
    endloop
  endfacet
  facet normal 0 0.242983 0.970031
    outer loop
      vertex 20 -3.93543 3.56459
      vertex 8 -3.79263 3.52882
      vertex 8 -3.93543 3.56459
    endloop
  endfacet
  facet normal 0 0.595643 -0.803249
    outer loop
      vertex 17 -4.45159 6.15952
      vertex 20 -4.33335 6.2472
      vertex 20 -4.45159 6.15952
    endloop
  endfacet
  facet normal 0 0.595643 -0.803249
    outer loop
      vertex 20 -4.33335 6.2472
      vertex 17 -4.45159 6.15952
      vertex 17 -4.33335 6.2472
    endloop
  endfacet
  facet normal 0 0.857721 0.514116
    outer loop
      vertex 20 -4.7472 4.16665
      vertex 17 -4.82288 4.29291
      vertex 20 -4.82288 4.29291
    endloop
  endfacet
  facet normal 0 0.857721 0.514116
    outer loop
      vertex 17 -4.82288 4.29291
      vertex 20 -4.7472 4.16665
      vertex 17 -4.7472 4.16665
    endloop
  endfacet
  facet normal 0 0.94154 0.3369
    outer loop
      vertex 20 -4.88582 4.42598
      vertex 17 -4.93541 4.56457
      vertex 20 -4.93541 4.56457
    endloop
  endfacet
  facet normal 0 0.94154 0.3369
    outer loop
      vertex 17 -4.93541 4.56457
      vertex 20 -4.88582 4.42598
      vertex 17 -4.88582 4.42598
    endloop
  endfacet
  facet normal 0 0 -1
    outer loop
      vertex 17 -3.5 6.5
      vertex 20 3.5 6.5
      vertex 20 -3.5 6.5
    endloop
  endfacet
  facet normal -0 0 -1
    outer loop
      vertex 20 3.5 6.5
      vertex 17 -3.5 6.5
      vertex 17 3.5 6.5
    endloop
  endfacet
  facet normal -0 0.427569 0.903983
    outer loop
      vertex 8 -4.07402 3.61418
      vertex 20 -4.20709 3.67712
      vertex 20 -4.07402 3.61418
    endloop
  endfacet
  facet normal 0 0.427569 0.903983
    outer loop
      vertex 20 -4.20709 3.67712
      vertex 8 -4.07402 3.61418
      vertex 8 -4.20709 3.67712
    endloop
  endfacet
  facet normal -0 0.514116 0.857721
    outer loop
      vertex 8 -4.20709 3.67712
      vertex 20 -4.33335 3.7528
      vertex 20 -4.20709 3.67712
    endloop
  endfacet
  facet normal 0 0.514116 0.857721
    outer loop
      vertex 20 -4.33335 3.7528
      vertex 8 -4.20709 3.67712
      vertex 8 -4.33335 3.7528
    endloop
  endfacet
  facet normal 0 -0.0490465 0.998796
    outer loop
      vertex 8 3.64703 3.50722
      vertex 20 3.5 3.5
      vertex 20 3.64703 3.50722
    endloop
  endfacet
  facet normal 0 -0.0490465 0.998796
    outer loop
      vertex 20 3.5 3.5
      vertex 8 3.64703 3.50722
      vertex 8 3.5 3.5
    endloop
  endfacet
  facet normal 0 -0.903983 -0.427569
    outer loop
      vertex 17 4.88582 5.57402
      vertex 20 4.82288 5.70709
      vertex 17 4.82288 5.70709
    endloop
  endfacet
  facet normal 0 -0.903983 -0.427569
    outer loop
      vertex 20 4.82288 5.70709
      vertex 17 4.88582 5.57402
      vertex 20 4.88582 5.57402
    endloop
  endfacet
  facet normal 0 0.671577 -0.740935
    outer loop
      vertex 17 -4.56066 6.06066
      vertex 20 -4.45159 6.15952
      vertex 20 -4.56066 6.06066
    endloop
  endfacet
  facet normal 0 0.671577 -0.740935
    outer loop
      vertex 20 -4.45159 6.15952
      vertex 17 -4.56066 6.06066
      vertex 17 -4.45159 6.15952
    endloop
  endfacet
  facet normal 0 0.970031 0.242983
    outer loop
      vertex 20 -4.93541 4.56457
      vertex 17 -4.97118 4.70737
      vertex 20 -4.97118 4.70737
    endloop
  endfacet
  facet normal 0 0.970031 0.242983
    outer loop
      vertex 17 -4.97118 4.70737
      vertex 20 -4.93541 4.56457
      vertex 17 -4.93541 4.56457
    endloop
  endfacet
  facet normal 0 0.803249 -0.595643
    outer loop
      vertex 20 -4.7472 5.83335
      vertex 17 -4.65952 5.95159
      vertex 20 -4.65952 5.95159
    endloop
  endfacet
  facet normal 0 0.803249 -0.595643
    outer loop
      vertex 17 -4.65952 5.95159
      vertex 20 -4.7472 5.83335
      vertex 17 -4.7472 5.83335
    endloop
  endfacet
  facet normal 0 -0.3369 0.94154
    outer loop
      vertex 8 4.07402 3.61418
      vertex 20 3.93543 3.56459
      vertex 20 4.07402 3.61418
    endloop
  endfacet
  facet normal 0 -0.3369 0.94154
    outer loop
      vertex 20 3.93543 3.56459
      vertex 8 4.07402 3.61418
      vertex 8 3.93543 3.56459
    endloop
  endfacet
  facet normal -0 0.0490465 0.998796
    outer loop
      vertex 8 -3.5 3.5
      vertex 20 -3.64703 3.50722
      vertex 20 -3.5 3.5
    endloop
  endfacet
  facet normal 0 0.0490465 0.998796
    outer loop
      vertex 20 -3.64703 3.50722
      vertex 8 -3.5 3.5
      vertex 8 -3.64703 3.50722
    endloop
  endfacet
  facet normal -0 0.3369 0.94154
    outer loop
      vertex 8 -3.93543 3.56459
      vertex 20 -4.07402 3.61418
      vertex 20 -3.93543 3.56459
    endloop
  endfacet
  facet normal 0 0.3369 0.94154
    outer loop
      vertex 20 -4.07402 3.61418
      vertex 8 -3.93543 3.56459
      vertex 8 -4.07402 3.61418
    endloop
  endfacet
  facet normal 0 -0.970031 0.242983
    outer loop
      vertex 17 4.93541 4.56457
      vertex 20 4.97118 4.70737
      vertex 17 4.97118 4.70737
    endloop
  endfacet
  facet normal 0 -0.970031 0.242983
    outer loop
      vertex 20 4.97118 4.70737
      vertex 17 4.93541 4.56457
      vertex 20 4.93541 4.56457
    endloop
  endfacet
  facet normal 0 -0.857721 -0.514116
    outer loop
      vertex 17 4.82288 5.70709
      vertex 20 4.7472 5.83335
      vertex 17 4.7472 5.83335
    endloop
  endfacet
  facet normal 0 -0.857721 -0.514116
    outer loop
      vertex 20 4.7472 5.83335
      vertex 17 4.82288 5.70709
      vertex 20 4.82288 5.70709
    endloop
  endfacet
  facet normal 0 0.803249 0.595643
    outer loop
      vertex 20 -4.65952 4.04841
      vertex 17 -4.7472 4.16665
      vertex 20 -4.7472 4.16665
    endloop
  endfacet
  facet normal 0 0.803249 0.595643
    outer loop
      vertex 17 -4.7472 4.16665
      vertex 20 -4.65952 4.04841
      vertex 17 -4.65952 4.04841
    endloop
  endfacet
  facet normal 0 -0.998796 -0.0490465
    outer loop
      vertex 17 5 5
      vertex 20 4.99278 5.14703
      vertex 17 4.99278 5.14703
    endloop
  endfacet
  facet normal 0 -0.998796 -0.0490465
    outer loop
      vertex 20 4.99278 5.14703
      vertex 17 5 5
      vertex 20 5 5
    endloop
  endfacet
  facet normal 0 -0.427569 0.903983
    outer loop
      vertex 8 4.20709 3.67712
      vertex 20 4.07402 3.61418
      vertex 20 4.20709 3.67712
    endloop
  endfacet
  facet normal 0 -0.427569 0.903983
    outer loop
      vertex 20 4.07402 3.61418
      vertex 8 4.20709 3.67712
      vertex 8 4.07402 3.61418
    endloop
  endfacet
  facet normal 0 -0.740935 -0.671577
    outer loop
      vertex 17 4.65952 5.95159
      vertex 20 4.56066 6.06066
      vertex 17 4.56066 6.06066
    endloop
  endfacet
  facet normal 0 -0.740935 -0.671577
    outer loop
      vertex 20 4.56066 6.06066
      vertex 17 4.65952 5.95159
      vertex 20 4.65952 5.95159
    endloop
  endfacet
  facet normal 0 0.998796 0.0490465
    outer loop
      vertex 20 -4.99278 4.85297
      vertex 17 -5 5
      vertex 20 -5 5
    endloop
  endfacet
  facet normal 0 0.998796 0.0490465
    outer loop
      vertex 17 -5 5
      vertex 20 -4.99278 4.85297
      vertex 17 -4.99278 4.85297
    endloop
  endfacet
  facet normal 0 -0.94154 -0.3369
    outer loop
      vertex 17 4.93541 5.43543
      vertex 20 4.88582 5.57402
      vertex 17 4.88582 5.57402
    endloop
  endfacet
  facet normal 0 -0.94154 -0.3369
    outer loop
      vertex 20 4.88582 5.57402
      vertex 17 4.93541 5.43543
      vertex 20 4.93541 5.43543
    endloop
  endfacet
  facet normal 0 0.427569 -0.903983
    outer loop
      vertex 17 -4.20709 6.32288
      vertex 20 -4.07402 6.38582
      vertex 20 -4.20709 6.32288
    endloop
  endfacet
  facet normal 0 0.427569 -0.903983
    outer loop
      vertex 20 -4.07402 6.38582
      vertex 17 -4.20709 6.32288
      vertex 17 -4.07402 6.38582
    endloop
  endfacet
  facet normal 0 -0.903983 0.427569
    outer loop
      vertex 17 4.82288 4.29291
      vertex 20 4.88582 4.42598
      vertex 17 4.88582 4.42598
    endloop
  endfacet
  facet normal 0 -0.903983 0.427569
    outer loop
      vertex 20 4.88582 4.42598
      vertex 17 4.82288 4.29291
      vertex 20 4.82288 4.29291
    endloop
  endfacet
  facet normal 0 0.989174 -0.146746
    outer loop
      vertex 20 -4.99278 5.14703
      vertex 17 -4.97118 5.29263
      vertex 20 -4.97118 5.29263
    endloop
  endfacet
  facet normal 0 0.989174 -0.146746
    outer loop
      vertex 17 -4.97118 5.29263
      vertex 20 -4.99278 5.14703
      vertex 17 -4.99278 5.14703
    endloop
  endfacet
  facet normal 0 -0.242983 -0.970031
    outer loop
      vertex 17 3.79263 6.47118
      vertex 20 3.93543 6.43541
      vertex 20 3.79263 6.47118
    endloop
  endfacet
  facet normal -0 -0.242983 -0.970031
    outer loop
      vertex 20 3.93543 6.43541
      vertex 17 3.79263 6.47118
      vertex 17 3.93543 6.43541
    endloop
  endfacet
  facet normal 0 -0.3369 -0.94154
    outer loop
      vertex 17 3.93543 6.43541
      vertex 20 4.07402 6.38582
      vertex 20 3.93543 6.43541
    endloop
  endfacet
  facet normal -0 -0.3369 -0.94154
    outer loop
      vertex 20 4.07402 6.38582
      vertex 17 3.93543 6.43541
      vertex 17 4.07402 6.38582
    endloop
  endfacet
  facet normal 0 -0.427569 -0.903983
    outer loop
      vertex 17 4.07402 6.38582
      vertex 20 4.20709 6.32288
      vertex 20 4.07402 6.38582
    endloop
  endfacet
  facet normal -0 -0.427569 -0.903983
    outer loop
      vertex 20 4.20709 6.32288
      vertex 17 4.07402 6.38582
      vertex 17 4.20709 6.32288
    endloop
  endfacet
  facet normal 0 0.514116 -0.857721
    outer loop
      vertex 17 -4.33335 6.2472
      vertex 20 -4.20709 6.32288
      vertex 20 -4.33335 6.2472
    endloop
  endfacet
  facet normal 0 0.514116 -0.857721
    outer loop
      vertex 20 -4.20709 6.32288
      vertex 17 -4.33335 6.2472
      vertex 17 -4.20709 6.32288
    endloop
  endfacet
  facet normal 0 -0.998796 0.0490465
    outer loop
      vertex 17 4.99278 4.85297
      vertex 20 5 5
      vertex 17 5 5
    endloop
  endfacet
  facet normal 0 -0.998796 0.0490465
    outer loop
      vertex 20 5 5
      vertex 17 4.99278 4.85297
      vertex 20 4.99278 4.85297
    endloop
  endfacet
  facet normal 0 0.146746 -0.989174
    outer loop
      vertex 17 -3.79263 6.47118
      vertex 20 -3.64703 6.49278
      vertex 20 -3.79263 6.47118
    endloop
  endfacet
  facet normal 0 0.146746 -0.989174
    outer loop
      vertex 20 -3.64703 6.49278
      vertex 17 -3.79263 6.47118
      vertex 17 -3.64703 6.49278
    endloop
  endfacet
  facet normal 0 -0.989174 0.146746
    outer loop
      vertex 17 4.97118 4.70737
      vertex 20 4.99278 4.85297
      vertex 17 4.99278 4.85297
    endloop
  endfacet
  facet normal 0 -0.989174 0.146746
    outer loop
      vertex 20 4.99278 4.85297
      vertex 17 4.97118 4.70737
      vertex 20 4.97118 4.70737
    endloop
  endfacet
  facet normal 0 -0.671577 0.740935
    outer loop
      vertex 8 4.56066 3.93934
      vertex 20 4.45159 3.84048
      vertex 20 4.56066 3.93934
    endloop
  endfacet
  facet normal 0 -0.671577 0.740935
    outer loop
      vertex 20 4.45159 3.84048
      vertex 8 4.56066 3.93934
      vertex 8 4.45159 3.84048
    endloop
  endfacet
  facet normal 0 -0.970031 -0.242983
    outer loop
      vertex 17 4.97118 5.29263
      vertex 20 4.93541 5.43543
      vertex 17 4.93541 5.43543
    endloop
  endfacet
  facet normal 0 -0.970031 -0.242983
    outer loop
      vertex 20 4.93541 5.43543
      vertex 17 4.97118 5.29263
      vertex 20 4.97118 5.29263
    endloop
  endfacet
  facet normal 0 -0.94154 0.3369
    outer loop
      vertex 17 4.88582 4.42598
      vertex 20 4.93541 4.56457
      vertex 17 4.93541 4.56457
    endloop
  endfacet
  facet normal 0 -0.94154 0.3369
    outer loop
      vertex 20 4.93541 4.56457
      vertex 17 4.88582 4.42598
      vertex 20 4.88582 4.42598
    endloop
  endfacet
  facet normal 0 0.94154 -0.3369
    outer loop
      vertex 20 -4.93541 5.43543
      vertex 17 -4.88582 5.57402
      vertex 20 -4.88582 5.57402
    endloop
  endfacet
  facet normal 0 0.94154 -0.3369
    outer loop
      vertex 17 -4.88582 5.57402
      vertex 20 -4.93541 5.43543
      vertex 17 -4.93541 5.43543
    endloop
  endfacet
  facet normal 1 0 0
    outer loop
      vertex 8 4.61564 4
      vertex 8 4.45159 3.84048
      vertex 8 4.56066 3.93934
    endloop
  endfacet
  facet normal 1 0 0
    outer loop
      vertex 8 4.61564 4
      vertex 8 4.33335 3.7528
      vertex 8 4.45159 3.84048
    endloop
  endfacet
  facet normal 1 0 0
    outer loop
      vertex 8 4.61564 4
      vertex 8 4.20709 3.67712
      vertex 8 4.33335 3.7528
    endloop
  endfacet
  facet normal 1 0 0
    outer loop
      vertex 8 4.61564 4
      vertex 8 4.07402 3.61418
      vertex 8 4.20709 3.67712
    endloop
  endfacet
  facet normal 1 0 0
    outer loop
      vertex 8 4.61564 4
      vertex 8 3.93543 3.56459
      vertex 8 4.07402 3.61418
    endloop
  endfacet
  facet normal 1 0 0
    outer loop
      vertex 8 4.61564 4
      vertex 8 3.79263 3.52882
      vertex 8 3.93543 3.56459
    endloop
  endfacet
  facet normal 1 0 0
    outer loop
      vertex 8 4.61564 4
      vertex 8 3.64703 3.50722
      vertex 8 3.79263 3.52882
    endloop
  endfacet
  facet normal 1 0 0
    outer loop
      vertex 8 4.61564 4
      vertex 8 3.5 3.5
      vertex 8 3.64703 3.50722
    endloop
  endfacet
  facet normal 1 0 0
    outer loop
      vertex 8 4.61564 4
      vertex 8 -3.5 3.5
      vertex 8 3.5 3.5
    endloop
  endfacet
  facet normal 1 -0 0
    outer loop
      vertex 8 -4.61564 4
      vertex 8 -3.5 3.5
      vertex 8 4.61564 4
    endloop
  endfacet
  facet normal 1 0 0
    outer loop
      vertex 8 -3.5 3.5
      vertex 8 -4.61564 4
      vertex 8 -3.64703 3.50722
    endloop
  endfacet
  facet normal 1 0 0
    outer loop
      vertex 8 -3.64703 3.50722
      vertex 8 -4.61564 4
      vertex 8 -3.79263 3.52882
    endloop
  endfacet
  facet normal 1 0 0
    outer loop
      vertex 8 -3.79263 3.52882
      vertex 8 -4.61564 4
      vertex 8 -3.93543 3.56459
    endloop
  endfacet
  facet normal 1 0 0
    outer loop
      vertex 8 -3.93543 3.56459
      vertex 8 -4.61564 4
      vertex 8 -4.07402 3.61418
    endloop
  endfacet
  facet normal 1 0 0
    outer loop
      vertex 8 -4.07402 3.61418
      vertex 8 -4.61564 4
      vertex 8 -4.20709 3.67712
    endloop
  endfacet
  facet normal 1 0 0
    outer loop
      vertex 8 -4.20709 3.67712
      vertex 8 -4.61564 4
      vertex 8 -4.33335 3.7528
    endloop
  endfacet
  facet normal 1 0 0
    outer loop
      vertex 8 -4.33335 3.7528
      vertex 8 -4.61564 4
      vertex 8 -4.45159 3.84048
    endloop
  endfacet
  facet normal 1 0 0
    outer loop
      vertex 8 -4.45159 3.84048
      vertex 8 -4.61564 4
      vertex 8 -4.56066 3.93934
    endloop
  endfacet
  facet normal 0 -0.514116 0.857721
    outer loop
      vertex 8 4.33335 3.7528
      vertex 20 4.20709 3.67712
      vertex 20 4.33335 3.7528
    endloop
  endfacet
  facet normal 0 -0.514116 0.857721
    outer loop
      vertex 20 4.20709 3.67712
      vertex 8 4.33335 3.7528
      vertex 8 4.20709 3.67712
    endloop
  endfacet
  facet normal 0 -0.857721 0.514116
    outer loop
      vertex 17 4.7472 4.16665
      vertex 20 4.82288 4.29291
      vertex 17 4.82288 4.29291
    endloop
  endfacet
  facet normal 0 -0.857721 0.514116
    outer loop
      vertex 20 4.82288 4.29291
      vertex 17 4.7472 4.16665
      vertex 20 4.7472 4.16665
    endloop
  endfacet
  facet normal 0 -0.989174 -0.146746
    outer loop
      vertex 17 4.99278 5.14703
      vertex 20 4.97118 5.29263
      vertex 17 4.97118 5.29263
    endloop
  endfacet
  facet normal 0 -0.989174 -0.146746
    outer loop
      vertex 20 4.97118 5.29263
      vertex 17 4.99278 5.14703
      vertex 20 4.99278 5.14703
    endloop
  endfacet
  facet normal 0.904088 0.427347 0
    outer loop
      vertex -16.6458 -9.41419 10
      vertex -16.7716 -9.14805 4
      vertex -16.7716 -9.14805 10
    endloop
  endfacet
  facet normal 0.904088 0.427347 0
    outer loop
      vertex -16.7716 -9.14805 4
      vertex -16.6458 -9.41419 10
      vertex -16.6458 -9.41419 4
    endloop
  endfacet
  facet normal 0.941527 0.336939 0
    outer loop
      vertex -16.7716 -9.14805 10
      vertex -16.8708 -8.87085 4
      vertex -16.8708 -8.87085 10
    endloop
  endfacet
  facet normal 0.941527 0.336939 0
    outer loop
      vertex -16.8708 -8.87085 4
      vertex -16.7716 -9.14805 10
      vertex -16.7716 -9.14805 4
    endloop
  endfacet
  facet normal -0.337047 0.941488 0
    outer loop
      vertex 15.148 -10.7716 4
      vertex 14.8709 -10.8708 10
      vertex 15.148 -10.7716 10
    endloop
  endfacet
  facet normal -0.337047 0.941488 0
    outer loop
      vertex 14.8709 -10.8708 10
      vertex 15.148 -10.7716 4
      vertex 14.8709 -10.8708 4
    endloop
  endfacet
  facet normal -0.740938 -0.671573 0
    outer loop
      vertex 16.319 9.90318 4
      vertex 16.1213 10.1213 10
      vertex 16.1213 10.1213 4
    endloop
  endfacet
  facet normal -0.740938 -0.671573 0
    outer loop
      vertex 16.1213 10.1213 10
      vertex 16.319 9.90318 4
      vertex 16.319 9.90318 10
    endloop
  endfacet
  facet normal 0.0489044 -0.998803 0
    outer loop
      vertex -14.2941 10.9856 4
      vertex -14 11 10
      vertex -14.2941 10.9856 10
    endloop
  endfacet
  facet normal 0.0489044 -0.998803 0
    outer loop
      vertex -14 11 10
      vertex -14.2941 10.9856 4
      vertex -14 11 4
    endloop
  endfacet
  facet normal -0.989176 -0.146736 0
    outer loop
      vertex 16.9856 8.29405 4
      vertex 16.9424 8.58527 10
      vertex 16.9424 8.58527 4
    endloop
  endfacet
  facet normal -0.989176 -0.146736 0
    outer loop
      vertex 16.9424 8.58527 10
      vertex 16.9856 8.29405 4
      vertex 16.9856 8.29405 10
    endloop
  endfacet
  facet normal 0.514246 0.857643 -0
    outer loop
      vertex -15.4142 -10.6458 4
      vertex -15.6667 -10.4944 10
      vertex -15.4142 -10.6458 10
    endloop
  endfacet
  facet normal 0.514246 0.857643 0
    outer loop
      vertex -15.6667 -10.4944 10
      vertex -15.4142 -10.6458 4
      vertex -15.6667 -10.4944 4
    endloop
  endfacet
  facet normal 0 0 1
    outer loop
      vertex 14 11 4
      vertex 17 8 4
      vertex 16.9856 8.29405 4
    endloop
  endfacet
  facet normal 0 0 1
    outer loop
      vertex 14 11 4
      vertex 16.9856 8.29405 4
      vertex 16.9424 8.58527 4
    endloop
  endfacet
  facet normal 0 0 1
    outer loop
      vertex 14 11 4
      vertex 16.9424 8.58527 4
      vertex 16.8708 8.87085 4
    endloop
  endfacet
  facet normal 0 0 1
    outer loop
      vertex 14 11 4
      vertex 16.8708 8.87085 4
      vertex 16.7716 9.14805 4
    endloop
  endfacet
  facet normal 0 0 1
    outer loop
      vertex 14 11 4
      vertex 16.7716 9.14805 4
      vertex 16.6458 9.41419 4
    endloop
  endfacet
  facet normal 0 0 1
    outer loop
      vertex 14 11 4
      vertex 16.6458 9.41419 4
      vertex 16.4944 9.66671 4
    endloop
  endfacet
  facet normal 0 0 1
    outer loop
      vertex 14 11 4
      vertex 16.4944 9.66671 4
      vertex 16.319 9.90318 4
    endloop
  endfacet
  facet normal 0 0 1
    outer loop
      vertex 14 11 4
      vertex 16.319 9.90318 4
      vertex 16.1213 10.1213 4
    endloop
  endfacet
  facet normal 0 0 1
    outer loop
      vertex 14 11 4
      vertex 16.1213 10.1213 4
      vertex 15.9032 10.319 4
    endloop
  endfacet
  facet normal 0 0 1
    outer loop
      vertex 14 11 4
      vertex 15.9032 10.319 4
      vertex 15.6667 10.4944 4
    endloop
  endfacet
  facet normal 0 0 1
    outer loop
      vertex 14 11 4
      vertex 15.6667 10.4944 4
      vertex 15.4142 10.6458 4
    endloop
  endfacet
  facet normal 0 0 1
    outer loop
      vertex 14 11 4
      vertex 15.4142 10.6458 4
      vertex 15.148 10.7716 4
    endloop
  endfacet
  facet normal 0 0 1
    outer loop
      vertex 14 11 4
      vertex 15.148 10.7716 4
      vertex 14.8709 10.8708 4
    endloop
  endfacet
  facet normal 0 0 1
    outer loop
      vertex 14 11 4
      vertex 14.8709 10.8708 4
      vertex 14.5853 10.9424 4
    endloop
  endfacet
  facet normal 0 0 1
    outer loop
      vertex 14 11 4
      vertex 14.5853 10.9424 4
      vertex 14.2941 10.9856 4
    endloop
  endfacet
  facet normal 0 0 1
    outer loop
      vertex 8 4.61564 4
      vertex 17 8 4
      vertex 14 11 4
    endloop
  endfacet
  facet normal 0 0 1
    outer loop
      vertex 17 8 4
      vertex 8 4.61564 4
      vertex 17 4.61564 4
    endloop
  endfacet
  facet normal 0 0 1
    outer loop
      vertex 8 4.61564 4
      vertex 5 0 4
      vertex 8 -4.61564 4
    endloop
  endfacet
  facet normal 0 0 1
    outer loop
      vertex 8 4.61564 4
      vertex 4.97592 0.490086 4
      vertex 5 0 4
    endloop
  endfacet
  facet normal 0 0 1
    outer loop
      vertex 8 4.61564 4
      vertex 4.90393 0.975451 4
      vertex 4.97592 0.490086 4
    endloop
  endfacet
  facet normal 0 0 1
    outer loop
      vertex 8 4.61564 4
      vertex 4.7847 1.45142 4
      vertex 4.90393 0.975451 4
    endloop
  endfacet
  facet normal -0 0 1
    outer loop
      vertex 1.91342 4.6194 4
      vertex 8 4.61564 4
      vertex 14 11 4
    endloop
  endfacet
  facet normal 0 0 1
    outer loop
      vertex 8 4.61564 4
      vertex 4.6194 1.91342 4
      vertex 4.7847 1.45142 4
    endloop
  endfacet
  facet normal 0 0 1
    outer loop
      vertex 8 4.61564 4
      vertex 4.40961 2.35698 4
      vertex 4.6194 1.91342 4
    endloop
  endfacet
  facet normal 0 0 1
    outer loop
      vertex 8 4.61564 4
      vertex 4.15735 2.77785 4
      vertex 4.40961 2.35698 4
    endloop
  endfacet
  facet normal 0 0 1
    outer loop
      vertex 8 4.61564 4
      vertex 3.86505 3.17197 4
      vertex 4.15735 2.77785 4
    endloop
  endfacet
  facet normal 0 0 1
    outer loop
      vertex 8 4.61564 4
      vertex 3.53553 3.53553 4
      vertex 3.86505 3.17197 4
    endloop
  endfacet
  facet normal 0 0 1
    outer loop
      vertex 8 4.61564 4
      vertex 3.17197 3.86505 4
      vertex 3.53553 3.53553 4
    endloop
  endfacet
  facet normal 0 0 1
    outer loop
      vertex 8 4.61564 4
      vertex 2.77785 4.15735 4
      vertex 3.17197 3.86505 4
    endloop
  endfacet
  facet normal 0 0 1
    outer loop
      vertex 8 4.61564 4
      vertex 2.35698 4.40961 4
      vertex 2.77785 4.15735 4
    endloop
  endfacet
  facet normal 0 0 1
    outer loop
      vertex 8 4.61564 4
      vertex 1.91342 4.6194 4
      vertex 2.35698 4.40961 4
    endloop
  endfacet
  facet normal 0 0 1
    outer loop
      vertex 14 11 4
      vertex 1.45142 4.7847 4
      vertex 1.91342 4.6194 4
    endloop
  endfacet
  facet normal 0 0 1
    outer loop
      vertex 14 11 4
      vertex 0.975451 4.90393 4
      vertex 1.45142 4.7847 4
    endloop
  endfacet
  facet normal 0 0 1
    outer loop
      vertex 14 11 4
      vertex 0.490086 4.97592 4
      vertex 0.975451 4.90393 4
    endloop
  endfacet
  facet normal 0 0 1
    outer loop
      vertex 14 11 4
      vertex 0 5 4
      vertex 0.490086 4.97592 4
    endloop
  endfacet
  facet normal -0 0 1
    outer loop
      vertex -14 11 4
      vertex 0 5 4
      vertex 14 11 4
    endloop
  endfacet
  facet normal 0 0 1
    outer loop
      vertex 0 5 4
      vertex -14 11 4
      vertex -0.490086 4.97592 4
    endloop
  endfacet
  facet normal 0 0 1
    outer loop
      vertex -0.490086 4.97592 4
      vertex -14 11 4
      vertex -0.975451 4.90393 4
    endloop
  endfacet
  facet normal 0 0 1
    outer loop
      vertex -0.975451 4.90393 4
      vertex -14 11 4
      vertex -1.45142 4.7847 4
    endloop
  endfacet
  facet normal 0 0 1
    outer loop
      vertex -4.97592 0.490086 4
      vertex -8 4.61564 4
      vertex -5 0 4
    endloop
  endfacet
  facet normal 0 0 1
    outer loop
      vertex -4.90393 0.975451 4
      vertex -8 4.61564 4
      vertex -4.97592 0.490086 4
    endloop
  endfacet
  facet normal 0 0 1
    outer loop
      vertex -4.7847 1.45142 4
      vertex -8 4.61564 4
      vertex -4.90393 0.975451 4
    endloop
  endfacet
  facet normal 0 0 1
    outer loop
      vertex -4.6194 1.91342 4
      vertex -8 4.61564 4
      vertex -4.7847 1.45142 4
    endloop
  endfacet
  facet normal 0 0 1
    outer loop
      vertex -4.40961 2.35698 4
      vertex -8 4.61564 4
      vertex -4.6194 1.91342 4
    endloop
  endfacet
  facet normal 0 0 1
    outer loop
      vertex -4.15735 2.77785 4
      vertex -8 4.61564 4
      vertex -4.40961 2.35698 4
    endloop
  endfacet
  facet normal 0 0 1
    outer loop
      vertex -3.86505 3.17197 4
      vertex -8 4.61564 4
      vertex -4.15735 2.77785 4
    endloop
  endfacet
  facet normal 0 0 1
    outer loop
      vertex -3.53553 3.53553 4
      vertex -8 4.61564 4
      vertex -3.86505 3.17197 4
    endloop
  endfacet
  facet normal 0 0 1
    outer loop
      vertex -3.17197 3.86505 4
      vertex -8 4.61564 4
      vertex -3.53553 3.53553 4
    endloop
  endfacet
  facet normal 0 0 1
    outer loop
      vertex -2.77785 4.15735 4
      vertex -8 4.61564 4
      vertex -3.17197 3.86505 4
    endloop
  endfacet
  facet normal 0 0 1
    outer loop
      vertex -2.35698 4.40961 4
      vertex -8 4.61564 4
      vertex -2.77785 4.15735 4
    endloop
  endfacet
  facet normal 0 0 1
    outer loop
      vertex -1.91342 4.6194 4
      vertex -8 4.61564 4
      vertex -2.35698 4.40961 4
    endloop
  endfacet
  facet normal 0 0 1
    outer loop
      vertex -1.45142 4.7847 4
      vertex -14 11 4
      vertex -1.91342 4.6194 4
    endloop
  endfacet
  facet normal 0 0 1
    outer loop
      vertex -1.91342 4.6194 4
      vertex -14 11 4
      vertex -8 4.61564 4
    endloop
  endfacet
  facet normal 0 0 1
    outer loop
      vertex -17 8 4
      vertex -14 11 4
      vertex -14.2941 10.9856 4
    endloop
  endfacet
  facet normal 0 0 1
    outer loop
      vertex -17 8 4
      vertex -14.2941 10.9856 4
      vertex -14.5853 10.9424 4
    endloop
  endfacet
  facet normal 0 0 1
    outer loop
      vertex -17 8 4
      vertex -14.5853 10.9424 4
      vertex -14.8709 10.8708 4
    endloop
  endfacet
  facet normal 0 0 1
    outer loop
      vertex -17 8 4
      vertex -14.8709 10.8708 4
      vertex -15.148 10.7716 4
    endloop
  endfacet
  facet normal 0 0 1
    outer loop
      vertex -17 8 4
      vertex -15.148 10.7716 4
      vertex -15.4142 10.6458 4
    endloop
  endfacet
  facet normal 0 0 1
    outer loop
      vertex -17 8 4
      vertex -15.4142 10.6458 4
      vertex -15.6667 10.4944 4
    endloop
  endfacet
  facet normal 0 0 1
    outer loop
      vertex -17 8 4
      vertex -15.6667 10.4944 4
      vertex -15.9032 10.319 4
    endloop
  endfacet
  facet normal 0 0 1
    outer loop
      vertex -17 8 4
      vertex -15.9032 10.319 4
      vertex -16.1213 10.1213 4
    endloop
  endfacet
  facet normal 0 0 1
    outer loop
      vertex -17 8 4
      vertex -16.1213 10.1213 4
      vertex -16.319 9.90318 4
    endloop
  endfacet
  facet normal 0 0 1
    outer loop
      vertex -17 8 4
      vertex -16.319 9.90318 4
      vertex -16.4944 9.66671 4
    endloop
  endfacet
  facet normal 0 0 1
    outer loop
      vertex -17 8 4
      vertex -16.4944 9.66671 4
      vertex -16.6458 9.41419 4
    endloop
  endfacet
  facet normal 0 0 1
    outer loop
      vertex -17 8 4
      vertex -16.6458 9.41419 4
      vertex -16.7716 9.14805 4
    endloop
  endfacet
  facet normal 0 0 1
    outer loop
      vertex -17 8 4
      vertex -16.7716 9.14805 4
      vertex -16.8708 8.87085 4
    endloop
  endfacet
  facet normal 0 0 1
    outer loop
      vertex -17 8 4
      vertex -16.8708 8.87085 4
      vertex -16.9424 8.58527 4
    endloop
  endfacet
  facet normal 0 0 1
    outer loop
      vertex -17 8 4
      vertex -16.9424 8.58527 4
      vertex -16.9856 8.29405 4
    endloop
  endfacet
  facet normal 0 0 1
    outer loop
      vertex -14 11 4
      vertex -17 8 4
      vertex -8 4.61564 4
    endloop
  endfacet
  facet normal 0 0 1
    outer loop
      vertex -8 4.61564 4
      vertex -17 8 4
      vertex -17 4.61564 4
    endloop
  endfacet
  facet normal -0 0 1
    outer loop
      vertex 8 -4.61564 4
      vertex 17 -8 4
      vertex 17 -4.61564 4
    endloop
  endfacet
  facet normal 0 0 1
    outer loop
      vertex 17 -8 4
      vertex 14 -11 4
      vertex 16.9856 -8.29405 4
    endloop
  endfacet
  facet normal 0 0 1
    outer loop
      vertex 16.9856 -8.29405 4
      vertex 14 -11 4
      vertex 16.9424 -8.58527 4
    endloop
  endfacet
  facet normal 0 0 1
    outer loop
      vertex 16.9424 -8.58527 4
      vertex 14 -11 4
      vertex 16.8708 -8.87085 4
    endloop
  endfacet
  facet normal 0 0 1
    outer loop
      vertex 16.8708 -8.87085 4
      vertex 14 -11 4
      vertex 16.7716 -9.14805 4
    endloop
  endfacet
  facet normal 0 0 1
    outer loop
      vertex 16.7716 -9.14805 4
      vertex 14 -11 4
      vertex 16.6458 -9.41419 4
    endloop
  endfacet
  facet normal 0 0 1
    outer loop
      vertex 16.6458 -9.41419 4
      vertex 14 -11 4
      vertex 16.4944 -9.66671 4
    endloop
  endfacet
  facet normal 0 0 1
    outer loop
      vertex 16.4944 -9.66671 4
      vertex 14 -11 4
      vertex 16.319 -9.90318 4
    endloop
  endfacet
  facet normal 0 0 1
    outer loop
      vertex 16.319 -9.90318 4
      vertex 14 -11 4
      vertex 16.1213 -10.1213 4
    endloop
  endfacet
  facet normal 0 0 1
    outer loop
      vertex 16.1213 -10.1213 4
      vertex 14 -11 4
      vertex 15.9032 -10.319 4
    endloop
  endfacet
  facet normal 0 0 1
    outer loop
      vertex 15.9032 -10.319 4
      vertex 14 -11 4
      vertex 15.6667 -10.4944 4
    endloop
  endfacet
  facet normal 0 0 1
    outer loop
      vertex 15.6667 -10.4944 4
      vertex 14 -11 4
      vertex 15.4142 -10.6458 4
    endloop
  endfacet
  facet normal 0 0 1
    outer loop
      vertex 15.4142 -10.6458 4
      vertex 14 -11 4
      vertex 15.148 -10.7716 4
    endloop
  endfacet
  facet normal 0 0 1
    outer loop
      vertex 15.148 -10.7716 4
      vertex 14 -11 4
      vertex 14.8709 -10.8708 4
    endloop
  endfacet
  facet normal 0 0 1
    outer loop
      vertex 14.8709 -10.8708 4
      vertex 14 -11 4
      vertex 14.5853 -10.9424 4
    endloop
  endfacet
  facet normal 0 0 1
    outer loop
      vertex 14.5853 -10.9424 4
      vertex 14 -11 4
      vertex 14.2941 -10.9856 4
    endloop
  endfacet
  facet normal 0 0 1
    outer loop
      vertex 17 -8 4
      vertex 8 -4.61564 4
      vertex 14 -11 4
    endloop
  endfacet
  facet normal -0 0 1
    outer loop
      vertex 4.97592 -0.490086 4
      vertex 8 -4.61564 4
      vertex 5 0 4
    endloop
  endfacet
  facet normal -0 0 1
    outer loop
      vertex 4.90393 -0.975451 4
      vertex 8 -4.61564 4
      vertex 4.97592 -0.490086 4
    endloop
  endfacet
  facet normal -0 0 1
    outer loop
      vertex 4.7847 -1.45142 4
      vertex 8 -4.61564 4
      vertex 4.90393 -0.975451 4
    endloop
  endfacet
  facet normal -0 0 1
    outer loop
      vertex 4.6194 -1.91342 4
      vertex 8 -4.61564 4
      vertex 4.7847 -1.45142 4
    endloop
  endfacet
  facet normal -0 0 1
    outer loop
      vertex 4.40961 -2.35698 4
      vertex 8 -4.61564 4
      vertex 4.6194 -1.91342 4
    endloop
  endfacet
  facet normal -0 0 1
    outer loop
      vertex 4.15735 -2.77785 4
      vertex 8 -4.61564 4
      vertex 4.40961 -2.35698 4
    endloop
  endfacet
  facet normal -0 0 1
    outer loop
      vertex 3.86505 -3.17197 4
      vertex 8 -4.61564 4
      vertex 4.15735 -2.77785 4
    endloop
  endfacet
  facet normal -0 0 1
    outer loop
      vertex 3.53553 -3.53553 4
      vertex 8 -4.61564 4
      vertex 3.86505 -3.17197 4
    endloop
  endfacet
  facet normal -0 0 1
    outer loop
      vertex 3.17197 -3.86505 4
      vertex 8 -4.61564 4
      vertex 3.53553 -3.53553 4
    endloop
  endfacet
  facet normal -0 0 1
    outer loop
      vertex 2.77785 -4.15735 4
      vertex 8 -4.61564 4
      vertex 3.17197 -3.86505 4
    endloop
  endfacet
  facet normal -0 0 1
    outer loop
      vertex 2.35698 -4.40961 4
      vertex 8 -4.61564 4
      vertex 2.77785 -4.15735 4
    endloop
  endfacet
  facet normal 0 0 1
    outer loop
      vertex 1.91342 -4.6194 4
      vertex 8 -4.61564 4
      vertex 2.35698 -4.40961 4
    endloop
  endfacet
  facet normal 0 0 1
    outer loop
      vertex 8 -4.61564 4
      vertex 1.91342 -4.6194 4
      vertex 14 -11 4
    endloop
  endfacet
  facet normal -0 0 1
    outer loop
      vertex 1.45142 -4.7847 4
      vertex 14 -11 4
      vertex 1.91342 -4.6194 4
    endloop
  endfacet
  facet normal -0 0 1
    outer loop
      vertex 0.975451 -4.90393 4
      vertex 14 -11 4
      vertex 1.45142 -4.7847 4
    endloop
  endfacet
  facet normal -0 0 1
    outer loop
      vertex 0.490086 -4.97592 4
      vertex 14 -11 4
      vertex 0.975451 -4.90393 4
    endloop
  endfacet
  facet normal -0 0 1
    outer loop
      vertex 0 -5 4
      vertex 14 -11 4
      vertex 0.490086 -4.97592 4
    endloop
  endfacet
  facet normal 0 0 1
    outer loop
      vertex -14 -11 4
      vertex 0 -5 4
      vertex -0.490086 -4.97592 4
    endloop
  endfacet
  facet normal 0 0 1
    outer loop
      vertex -14 -11 4
      vertex -0.490086 -4.97592 4
      vertex -0.975451 -4.90393 4
    endloop
  endfacet
  facet normal 0 0 1
    outer loop
      vertex -14 -11 4
      vertex -0.975451 -4.90393 4
      vertex -1.45142 -4.7847 4
    endloop
  endfacet
  facet normal 0 0 1
    outer loop
      vertex -14 -11 4
      vertex -1.45142 -4.7847 4
      vertex -1.91342 -4.6194 4
    endloop
  endfacet
  facet normal 0 0 1
    outer loop
      vertex -8 -4.61564 4
      vertex -5 0 4
      vertex -8 4.61564 4
    endloop
  endfacet
  facet normal 0 0 1
    outer loop
      vertex -5 0 4
      vertex -8 -4.61564 4
      vertex -4.97592 -0.490086 4
    endloop
  endfacet
  facet normal 0 0 1
    outer loop
      vertex -4.97592 -0.490086 4
      vertex -8 -4.61564 4
      vertex -4.90393 -0.975451 4
    endloop
  endfacet
  facet normal 0 0 1
    outer loop
      vertex -4.90393 -0.975451 4
      vertex -8 -4.61564 4
      vertex -4.7847 -1.45142 4
    endloop
  endfacet
  facet normal 0 0 1
    outer loop
      vertex -4.7847 -1.45142 4
      vertex -8 -4.61564 4
      vertex -4.6194 -1.91342 4
    endloop
  endfacet
  facet normal 0 0 1
    outer loop
      vertex -4.6194 -1.91342 4
      vertex -8 -4.61564 4
      vertex -4.40961 -2.35698 4
    endloop
  endfacet
  facet normal 0 0 1
    outer loop
      vertex -8 -4.61564 4
      vertex -4.15735 -2.77785 4
      vertex -4.40961 -2.35698 4
    endloop
  endfacet
  facet normal 0 0 1
    outer loop
      vertex -8 -4.61564 4
      vertex -3.86505 -3.17197 4
      vertex -4.15735 -2.77785 4
    endloop
  endfacet
  facet normal 0 0 1
    outer loop
      vertex -8 -4.61564 4
      vertex -3.53553 -3.53553 4
      vertex -3.86505 -3.17197 4
    endloop
  endfacet
  facet normal 0 0 1
    outer loop
      vertex -8 -4.61564 4
      vertex -3.17197 -3.86505 4
      vertex -3.53553 -3.53553 4
    endloop
  endfacet
  facet normal 0 0 1
    outer loop
      vertex -8 -4.61564 4
      vertex -2.77785 -4.15735 4
      vertex -3.17197 -3.86505 4
    endloop
  endfacet
  facet normal 0 0 1
    outer loop
      vertex -8 -4.61564 4
      vertex -2.35698 -4.40961 4
      vertex -2.77785 -4.15735 4
    endloop
  endfacet
  facet normal -0 0 1
    outer loop
      vertex -8 -4.61564 4
      vertex -1.91342 -4.6194 4
      vertex -2.35698 -4.40961 4
    endloop
  endfacet
  facet normal 0 0 1
    outer loop
      vertex -14 -11 4
      vertex -1.91342 -4.6194 4
      vertex -8 -4.61564 4
    endloop
  endfacet
  facet normal 0 0 1
    outer loop
      vertex 0 -5 4
      vertex -14 -11 4
      vertex 14 -11 4
    endloop
  endfacet
  facet normal -0 0 1
    outer loop
      vertex -17 -8 4
      vertex -14 -11 4
      vertex -8 -4.61564 4
    endloop
  endfacet
  facet normal 0 0 1
    outer loop
      vertex -14 -11 4
      vertex -17 -8 4
      vertex -14.2941 -10.9856 4
    endloop
  endfacet
  facet normal 0 0 1
    outer loop
      vertex -14.2941 -10.9856 4
      vertex -17 -8 4
      vertex -14.5853 -10.9424 4
    endloop
  endfacet
  facet normal 0 0 1
    outer loop
      vertex -14.5853 -10.9424 4
      vertex -17 -8 4
      vertex -14.8709 -10.8708 4
    endloop
  endfacet
  facet normal 0 0 1
    outer loop
      vertex -14.8709 -10.8708 4
      vertex -17 -8 4
      vertex -15.148 -10.7716 4
    endloop
  endfacet
  facet normal 0 0 1
    outer loop
      vertex -15.148 -10.7716 4
      vertex -17 -8 4
      vertex -15.4142 -10.6458 4
    endloop
  endfacet
  facet normal 0 0 1
    outer loop
      vertex -15.4142 -10.6458 4
      vertex -17 -8 4
      vertex -15.6667 -10.4944 4
    endloop
  endfacet
  facet normal 0 0 1
    outer loop
      vertex -15.6667 -10.4944 4
      vertex -17 -8 4
      vertex -15.9032 -10.319 4
    endloop
  endfacet
  facet normal 0 0 1
    outer loop
      vertex -15.9032 -10.319 4
      vertex -17 -8 4
      vertex -16.1213 -10.1213 4
    endloop
  endfacet
  facet normal 0 0 1
    outer loop
      vertex -16.1213 -10.1213 4
      vertex -17 -8 4
      vertex -16.319 -9.90318 4
    endloop
  endfacet
  facet normal 0 0 1
    outer loop
      vertex -16.319 -9.90318 4
      vertex -17 -8 4
      vertex -16.4944 -9.66671 4
    endloop
  endfacet
  facet normal 0 0 1
    outer loop
      vertex -16.4944 -9.66671 4
      vertex -17 -8 4
      vertex -16.6458 -9.41419 4
    endloop
  endfacet
  facet normal 0 0 1
    outer loop
      vertex -16.6458 -9.41419 4
      vertex -17 -8 4
      vertex -16.7716 -9.14805 4
    endloop
  endfacet
  facet normal 0 0 1
    outer loop
      vertex -16.7716 -9.14805 4
      vertex -17 -8 4
      vertex -16.8708 -8.87085 4
    endloop
  endfacet
  facet normal 0 0 1
    outer loop
      vertex -16.8708 -8.87085 4
      vertex -17 -8 4
      vertex -16.9424 -8.58527 4
    endloop
  endfacet
  facet normal 0 0 1
    outer loop
      vertex -17 -8 4
      vertex -8 -4.61564 4
      vertex -17 -4.61564 4
    endloop
  endfacet
  facet normal 0 0 1
    outer loop
      vertex -16.9424 -8.58527 4
      vertex -17 -8 4
      vertex -16.9856 -8.29405 4
    endloop
  endfacet
  facet normal 0.146746 -0.989174 0
    outer loop
      vertex -14.5853 10.9424 4
      vertex -14.2941 10.9856 10
      vertex -14.5853 10.9424 10
    endloop
  endfacet
  facet normal 0.146746 -0.989174 0
    outer loop
      vertex -14.2941 10.9856 10
      vertex -14.5853 10.9424 4
      vertex -14.2941 10.9856 4
    endloop
  endfacet
  facet normal -0.998803 0.0489126 0
    outer loop
      vertex 16.9856 -8.29405 4
      vertex 17 -8 10
      vertex 17 -8 4
    endloop
  endfacet
  facet normal -0.998803 0.0489126 0
    outer loop
      vertex 17 -8 10
      vertex 16.9856 -8.29405 4
      vertex 16.9856 -8.29405 10
    endloop
  endfacet
  facet normal -0.427269 0.904125 0
    outer loop
      vertex 15.4142 -10.6458 4
      vertex 15.148 -10.7716 10
      vertex 15.4142 -10.6458 10
    endloop
  endfacet
  facet normal -0.427269 0.904125 0
    outer loop
      vertex 15.148 -10.7716 10
      vertex 15.4142 -10.6458 4
      vertex 15.148 -10.7716 4
    endloop
  endfacet
  facet normal 0 -1 0
    outer loop
      vertex -14 11 4
      vertex 14 11 10
      vertex -14 11 10
    endloop
  endfacet
  facet normal 0 -1 -0
    outer loop
      vertex 14 11 10
      vertex -14 11 4
      vertex 14 11 4
    endloop
  endfacet
  facet normal 0.998803 -0.0489126 0
    outer loop
      vertex -17 8 10
      vertex -16.9856 8.29405 4
      vertex -16.9856 8.29405 10
    endloop
  endfacet
  facet normal 0.998803 -0.0489126 0
    outer loop
      vertex -16.9856 8.29405 4
      vertex -17 8 10
      vertex -17 8 4
    endloop
  endfacet
  facet normal -0.243175 -0.969982 0
    outer loop
      vertex 14.5853 10.9424 4
      vertex 14.8709 10.8708 10
      vertex 14.5853 10.9424 10
    endloop
  endfacet
  facet normal -0.243175 -0.969982 -0
    outer loop
      vertex 14.8709 10.8708 10
      vertex 14.5853 10.9424 4
      vertex 14.8709 10.8708 4
    endloop
  endfacet
  facet normal 0.989176 -0.146736 0
    outer loop
      vertex -16.9856 8.29405 10
      vertex -16.9424 8.58527 4
      vertex -16.9424 8.58527 10
    endloop
  endfacet
  facet normal 0.989176 -0.146736 0
    outer loop
      vertex -16.9424 8.58527 4
      vertex -16.9856 8.29405 10
      vertex -16.9856 8.29405 4
    endloop
  endfacet
  facet normal -0.857661 0.514216 0
    outer loop
      vertex 16.4944 -9.66671 4
      vertex 16.6458 -9.41419 10
      vertex 16.6458 -9.41419 4
    endloop
  endfacet
  facet normal -0.857661 0.514216 0
    outer loop
      vertex 16.6458 -9.41419 10
      vertex 16.4944 -9.66671 4
      vertex 16.4944 -9.66671 10
    endloop
  endfacet
  facet normal 0.514246 -0.857643 0
    outer loop
      vertex -15.6667 10.4944 4
      vertex -15.4142 10.6458 10
      vertex -15.6667 10.4944 10
    endloop
  endfacet
  facet normal 0.514246 -0.857643 0
    outer loop
      vertex -15.4142 10.6458 10
      vertex -15.6667 10.4944 4
      vertex -15.4142 10.6458 4
    endloop
  endfacet
  facet normal 0 1 -0
    outer loop
      vertex 14 -11 4
      vertex -14 -11 10
      vertex 14 -11 10
    endloop
  endfacet
  facet normal 0 1 0
    outer loop
      vertex -14 -11 10
      vertex 14 -11 4
      vertex -14 -11 4
    endloop
  endfacet
  facet normal 0.941527 -0.336939 0
    outer loop
      vertex -16.8708 8.87085 10
      vertex -16.7716 9.14805 4
      vertex -16.7716 9.14805 10
    endloop
  endfacet
  facet normal 0.941527 -0.336939 0
    outer loop
      vertex -16.7716 9.14805 4
      vertex -16.8708 8.87085 10
      vertex -16.8708 8.87085 4
    endloop
  endfacet
  facet normal 0.595699 -0.803208 0
    outer loop
      vertex -15.9032 10.319 4
      vertex -15.6667 10.4944 10
      vertex -15.9032 10.319 10
    endloop
  endfacet
  facet normal 0.595699 -0.803208 0
    outer loop
      vertex -15.6667 10.4944 10
      vertex -15.9032 10.319 4
      vertex -15.6667 10.4944 4
    endloop
  endfacet
  facet normal -0.998803 -0.0489126 0
    outer loop
      vertex 17 8 4
      vertex 16.9856 8.29405 10
      vertex 16.9856 8.29405 4
    endloop
  endfacet
  facet normal -0.998803 -0.0489126 0
    outer loop
      vertex 16.9856 8.29405 10
      vertex 17 8 4
      vertex 17 8 10
    endloop
  endfacet
  facet normal -0.146746 0.989174 0
    outer loop
      vertex 14.5853 -10.9424 4
      vertex 14.2941 -10.9856 10
      vertex 14.5853 -10.9424 10
    endloop
  endfacet
  facet normal -0.146746 0.989174 0
    outer loop
      vertex 14.2941 -10.9856 10
      vertex 14.5853 -10.9424 4
      vertex 14.2941 -10.9856 4
    endloop
  endfacet
  facet normal 0.0489044 0.998803 -0
    outer loop
      vertex -14 -11 4
      vertex -14.2941 -10.9856 10
      vertex -14 -11 10
    endloop
  endfacet
  facet normal 0.0489044 0.998803 0
    outer loop
      vertex -14.2941 -10.9856 10
      vertex -14 -11 4
      vertex -14.2941 -10.9856 4
    endloop
  endfacet
  facet normal 0.969978 -0.243191 0
    outer loop
      vertex -16.9424 8.58527 10
      vertex -16.8708 8.87085 4
      vertex -16.8708 8.87085 10
    endloop
  endfacet
  facet normal 0.969978 -0.243191 0
    outer loop
      vertex -16.8708 8.87085 4
      vertex -16.9424 8.58527 10
      vertex -16.9424 8.58527 4
    endloop
  endfacet
  facet normal -0.969978 -0.243191 0
    outer loop
      vertex 16.9424 8.58527 4
      vertex 16.8708 8.87085 10
      vertex 16.8708 8.87085 4
    endloop
  endfacet
  facet normal -0.969978 -0.243191 0
    outer loop
      vertex 16.8708 8.87085 10
      vertex 16.9424 8.58527 4
      vertex 16.9424 8.58527 10
    endloop
  endfacet
  facet normal 0.427269 -0.904125 0
    outer loop
      vertex -15.4142 10.6458 4
      vertex -15.148 10.7716 10
      vertex -15.4142 10.6458 10
    endloop
  endfacet
  facet normal 0.427269 -0.904125 0
    outer loop
      vertex -15.148 10.7716 10
      vertex -15.4142 10.6458 4
      vertex -15.148 10.7716 4
    endloop
  endfacet
  facet normal -0.0489044 -0.998803 0
    outer loop
      vertex 14 11 4
      vertex 14.2941 10.9856 10
      vertex 14 11 10
    endloop
  endfacet
  facet normal -0.0489044 -0.998803 -0
    outer loop
      vertex 14.2941 10.9856 10
      vertex 14 11 4
      vertex 14.2941 10.9856 4
    endloop
  endfacet
  facet normal 0.740938 0.671573 0
    outer loop
      vertex -16.1213 -10.1213 10
      vertex -16.319 -9.90318 4
      vertex -16.319 -9.90318 10
    endloop
  endfacet
  facet normal 0.740938 0.671573 0
    outer loop
      vertex -16.319 -9.90318 4
      vertex -16.1213 -10.1213 10
      vertex -16.1213 -10.1213 4
    endloop
  endfacet
  facet normal -0.427269 -0.904125 0
    outer loop
      vertex 15.148 10.7716 4
      vertex 15.4142 10.6458 10
      vertex 15.148 10.7716 10
    endloop
  endfacet
  facet normal -0.427269 -0.904125 -0
    outer loop
      vertex 15.4142 10.6458 10
      vertex 15.148 10.7716 4
      vertex 15.4142 10.6458 4
    endloop
  endfacet
  facet normal -0.803172 -0.595747 0
    outer loop
      vertex 16.4944 9.66671 4
      vertex 16.319 9.90318 10
      vertex 16.319 9.90318 4
    endloop
  endfacet
  facet normal -0.803172 -0.595747 0
    outer loop
      vertex 16.319 9.90318 10
      vertex 16.4944 9.66671 4
      vertex 16.4944 9.66671 10
    endloop
  endfacet
  facet normal 0.803172 -0.595747 0
    outer loop
      vertex -16.4944 9.66671 10
      vertex -16.319 9.90318 4
      vertex -16.319 9.90318 10
    endloop
  endfacet
  facet normal 0.803172 -0.595747 0
    outer loop
      vertex -16.319 9.90318 4
      vertex -16.4944 9.66671 10
      vertex -16.4944 9.66671 4
    endloop
  endfacet
  facet normal -0.337047 -0.941488 0
    outer loop
      vertex 14.8709 10.8708 4
      vertex 15.148 10.7716 10
      vertex 14.8709 10.8708 10
    endloop
  endfacet
  facet normal -0.337047 -0.941488 -0
    outer loop
      vertex 15.148 10.7716 10
      vertex 14.8709 10.8708 4
      vertex 15.148 10.7716 4
    endloop
  endfacet
  facet normal -0.146746 -0.989174 0
    outer loop
      vertex 14.2941 10.9856 4
      vertex 14.5853 10.9424 10
      vertex 14.2941 10.9856 10
    endloop
  endfacet
  facet normal -0.146746 -0.989174 -0
    outer loop
      vertex 14.5853 10.9424 10
      vertex 14.2941 10.9856 4
      vertex 14.5853 10.9424 4
    endloop
  endfacet
  facet normal -0.514246 -0.857643 0
    outer loop
      vertex 15.4142 10.6458 4
      vertex 15.6667 10.4944 10
      vertex 15.4142 10.6458 10
    endloop
  endfacet
  facet normal -0.514246 -0.857643 -0
    outer loop
      vertex 15.6667 10.4944 10
      vertex 15.4142 10.6458 4
      vertex 15.6667 10.4944 4
    endloop
  endfacet
  facet normal -0.514246 0.857643 0
    outer loop
      vertex 15.6667 -10.4944 4
      vertex 15.4142 -10.6458 10
      vertex 15.6667 -10.4944 10
    endloop
  endfacet
  facet normal -0.514246 0.857643 0
    outer loop
      vertex 15.4142 -10.6458 10
      vertex 15.6667 -10.4944 4
      vertex 15.4142 -10.6458 4
    endloop
  endfacet
  facet normal -0.0489044 0.998803 0
    outer loop
      vertex 14.2941 -10.9856 4
      vertex 14 -11 10
      vertex 14.2941 -10.9856 10
    endloop
  endfacet
  facet normal -0.0489044 0.998803 0
    outer loop
      vertex 14 -11 10
      vertex 14.2941 -10.9856 4
      vertex 14 -11 4
    endloop
  endfacet
  facet normal 0.740938 -0.671573 0
    outer loop
      vertex -16.319 9.90318 10
      vertex -16.1213 10.1213 4
      vertex -16.1213 10.1213 10
    endloop
  endfacet
  facet normal 0.740938 -0.671573 0
    outer loop
      vertex -16.1213 10.1213 4
      vertex -16.319 9.90318 10
      vertex -16.319 9.90318 4
    endloop
  endfacet
  facet normal 0.857661 -0.514216 0
    outer loop
      vertex -16.6458 9.41419 10
      vertex -16.4944 9.66671 4
      vertex -16.4944 9.66671 10
    endloop
  endfacet
  facet normal 0.857661 -0.514216 0
    outer loop
      vertex -16.4944 9.66671 4
      vertex -16.6458 9.41419 10
      vertex -16.6458 9.41419 4
    endloop
  endfacet
  facet normal 0.998803 0.0489126 0
    outer loop
      vertex -16.9856 -8.29405 10
      vertex -17 -8 4
      vertex -17 -8 10
    endloop
  endfacet
  facet normal 0.998803 0.0489126 0
    outer loop
      vertex -17 -8 4
      vertex -16.9856 -8.29405 10
      vertex -16.9856 -8.29405 4
    endloop
  endfacet
  facet normal 1 -0 0
    outer loop
      vertex -17 4.82288 5.70709
      vertex -17 8 4
      vertex -17 8 10
    endloop
  endfacet
  facet normal 1 0 0
    outer loop
      vertex -17 8 4
      vertex -17 4.99278 5.14703
      vertex -17 5 5
    endloop
  endfacet
  facet normal 1 0 0
    outer loop
      vertex -17 8 4
      vertex -17 4.97118 5.29263
      vertex -17 4.99278 5.14703
    endloop
  endfacet
  facet normal 1 0 0
    outer loop
      vertex -17 8 4
      vertex -17 4.93541 5.43543
      vertex -17 4.97118 5.29263
    endloop
  endfacet
  facet normal 1 0 0
    outer loop
      vertex -17 8 4
      vertex -17 4.88582 5.57402
      vertex -17 4.93541 5.43543
    endloop
  endfacet
  facet normal 1 0 0
    outer loop
      vertex -17 8 4
      vertex -17 4.82288 5.70709
      vertex -17 4.88582 5.57402
    endloop
  endfacet
  facet normal 1 0 0
    outer loop
      vertex -17 8 10
      vertex -17 4.7472 5.83335
      vertex -17 4.82288 5.70709
    endloop
  endfacet
  facet normal 1 0 0
    outer loop
      vertex -17 8 10
      vertex -17 4.65952 5.95159
      vertex -17 4.7472 5.83335
    endloop
  endfacet
  facet normal 1 0 0
    outer loop
      vertex -17 8 10
      vertex -17 4.56066 6.06066
      vertex -17 4.65952 5.95159
    endloop
  endfacet
  facet normal 1 0 0
    outer loop
      vertex -17 8 10
      vertex -17 4.45159 6.15952
      vertex -17 4.56066 6.06066
    endloop
  endfacet
  facet normal 1 0 0
    outer loop
      vertex -17 8 10
      vertex -17 4.33335 6.2472
      vertex -17 4.45159 6.15952
    endloop
  endfacet
  facet normal 1 0 0
    outer loop
      vertex -17 8 10
      vertex -17 4.20709 6.32288
      vertex -17 4.33335 6.2472
    endloop
  endfacet
  facet normal 1 0 0
    outer loop
      vertex -17 8 10
      vertex -17 4.07402 6.38582
      vertex -17 4.20709 6.32288
    endloop
  endfacet
  facet normal 1 0 0
    outer loop
      vertex -17 8 10
      vertex -17 3.93543 6.43541
      vertex -17 4.07402 6.38582
    endloop
  endfacet
  facet normal 1 0 0
    outer loop
      vertex -17 8 10
      vertex -17 3.79263 6.47118
      vertex -17 3.93543 6.43541
    endloop
  endfacet
  facet normal 1 0 0
    outer loop
      vertex -17 8 10
      vertex -17 3.64703 6.49278
      vertex -17 3.79263 6.47118
    endloop
  endfacet
  facet normal 1 0 0
    outer loop
      vertex -17 8 10
      vertex -17 3.5 6.5
      vertex -17 3.64703 6.49278
    endloop
  endfacet
  facet normal 1 0 0
    outer loop
      vertex -17 8 10
      vertex -17 -3.5 6.5
      vertex -17 3.5 6.5
    endloop
  endfacet
  facet normal 1 -0 0
    outer loop
      vertex -17 -8 10
      vertex -17 -3.5 6.5
      vertex -17 8 10
    endloop
  endfacet
  facet normal 1 0 0
    outer loop
      vertex -17 -3.5 6.5
      vertex -17 -8 10
      vertex -17 -3.64703 6.49278
    endloop
  endfacet
  facet normal 1 0 0
    outer loop
      vertex -17 -3.64703 6.49278
      vertex -17 -8 10
      vertex -17 -3.79263 6.47118
    endloop
  endfacet
  facet normal 1 0 0
    outer loop
      vertex -17 -4.97118 5.29263
      vertex -17 -8 4
      vertex -17 -4.99278 5.14703
    endloop
  endfacet
  facet normal 1 0 0
    outer loop
      vertex -17 -4.93541 5.43543
      vertex -17 -8 4
      vertex -17 -4.97118 5.29263
    endloop
  endfacet
  facet normal 1 0 0
    outer loop
      vertex -17 -4.88582 5.57402
      vertex -17 -8 4
      vertex -17 -4.93541 5.43543
    endloop
  endfacet
  facet normal 1 0 0
    outer loop
      vertex -17 -4.82288 5.70709
      vertex -17 -8 4
      vertex -17 -4.88582 5.57402
    endloop
  endfacet
  facet normal 1 0 0
    outer loop
      vertex -17 -8 4
      vertex -17 -4.82288 5.70709
      vertex -17 -8 10
    endloop
  endfacet
  facet normal 1 0 0
    outer loop
      vertex -17 -4.7472 5.83335
      vertex -17 -8 10
      vertex -17 -4.82288 5.70709
    endloop
  endfacet
  facet normal 1 0 0
    outer loop
      vertex -17 -4.65952 5.95159
      vertex -17 -8 10
      vertex -17 -4.7472 5.83335
    endloop
  endfacet
  facet normal 1 0 0
    outer loop
      vertex -17 -4.56066 6.06066
      vertex -17 -8 10
      vertex -17 -4.65952 5.95159
    endloop
  endfacet
  facet normal 1 0 0
    outer loop
      vertex -17 -4.45159 6.15952
      vertex -17 -8 10
      vertex -17 -4.56066 6.06066
    endloop
  endfacet
  facet normal 1 0 0
    outer loop
      vertex -17 -4.33335 6.2472
      vertex -17 -8 10
      vertex -17 -4.45159 6.15952
    endloop
  endfacet
  facet normal 1 0 0
    outer loop
      vertex -17 -4.20709 6.32288
      vertex -17 -8 10
      vertex -17 -4.33335 6.2472
    endloop
  endfacet
  facet normal 1 0 0
    outer loop
      vertex -17 -4.07402 6.38582
      vertex -17 -8 10
      vertex -17 -4.20709 6.32288
    endloop
  endfacet
  facet normal 1 0 0
    outer loop
      vertex -17 -3.93543 6.43541
      vertex -17 -8 10
      vertex -17 -4.07402 6.38582
    endloop
  endfacet
  facet normal 1 0 0
    outer loop
      vertex -17 -3.79263 6.47118
      vertex -17 -8 10
      vertex -17 -3.93543 6.43541
    endloop
  endfacet
  facet normal 1 -0 0
    outer loop
      vertex -17 4.99278 4.85297
      vertex -17 8 4
      vertex -17 5 5
    endloop
  endfacet
  facet normal 1 -0 0
    outer loop
      vertex -17 4.97118 4.70737
      vertex -17 8 4
      vertex -17 4.99278 4.85297
    endloop
  endfacet
  facet normal 1 -0 0
    outer loop
      vertex -17 4.93541 4.56457
      vertex -17 8 4
      vertex -17 4.97118 4.70737
    endloop
  endfacet
  facet normal 1 -0 0
    outer loop
      vertex -17 4.88582 4.42598
      vertex -17 8 4
      vertex -17 4.93541 4.56457
    endloop
  endfacet
  facet normal 1 -0 0
    outer loop
      vertex -17 4.82288 4.29291
      vertex -17 8 4
      vertex -17 4.88582 4.42598
    endloop
  endfacet
  facet normal 1 -0 0
    outer loop
      vertex -17 4.7472 4.16665
      vertex -17 8 4
      vertex -17 4.82288 4.29291
    endloop
  endfacet
  facet normal 1 -0 0
    outer loop
      vertex -17 4.65952 4.04841
      vertex -17 8 4
      vertex -17 4.7472 4.16665
    endloop
  endfacet
  facet normal 1 0 0
    outer loop
      vertex -17 8 4
      vertex -17 4.65952 4.04841
      vertex -17 4.61564 4
    endloop
  endfacet
  facet normal 1 0 0
    outer loop
      vertex -17 -4.99278 5.14703
      vertex -17 -8 4
      vertex -17 -5 5
    endloop
  endfacet
  facet normal 1 0 0
    outer loop
      vertex -17 -5 5
      vertex -17 -8 4
      vertex -17 -4.99278 4.85297
    endloop
  endfacet
  facet normal 1 0 0
    outer loop
      vertex -17 -4.99278 4.85297
      vertex -17 -8 4
      vertex -17 -4.97118 4.70737
    endloop
  endfacet
  facet normal 1 0 0
    outer loop
      vertex -17 -4.97118 4.70737
      vertex -17 -8 4
      vertex -17 -4.93541 4.56457
    endloop
  endfacet
  facet normal 1 0 0
    outer loop
      vertex -17 -4.93541 4.56457
      vertex -17 -8 4
      vertex -17 -4.88582 4.42598
    endloop
  endfacet
  facet normal 1 0 0
    outer loop
      vertex -17 -4.65952 4.04841
      vertex -17 -8 4
      vertex -17 -4.61564 4
    endloop
  endfacet
  facet normal 1 0 0
    outer loop
      vertex -17 -4.7472 4.16665
      vertex -17 -8 4
      vertex -17 -4.65952 4.04841
    endloop
  endfacet
  facet normal 1 0 0
    outer loop
      vertex -17 -4.82288 4.29291
      vertex -17 -8 4
      vertex -17 -4.7472 4.16665
    endloop
  endfacet
  facet normal 1 0 0
    outer loop
      vertex -17 -4.88582 4.42598
      vertex -17 -8 4
      vertex -17 -4.82288 4.29291
    endloop
  endfacet
  facet normal 0.337047 0.941488 -0
    outer loop
      vertex -14.8709 -10.8708 4
      vertex -15.148 -10.7716 10
      vertex -14.8709 -10.8708 10
    endloop
  endfacet
  facet normal 0.337047 0.941488 0
    outer loop
      vertex -15.148 -10.7716 10
      vertex -14.8709 -10.8708 4
      vertex -15.148 -10.7716 4
    endloop
  endfacet
  facet normal 0.904088 -0.427347 0
    outer loop
      vertex -16.7716 9.14805 10
      vertex -16.6458 9.41419 4
      vertex -16.6458 9.41419 10
    endloop
  endfacet
  facet normal 0.904088 -0.427347 0
    outer loop
      vertex -16.6458 9.41419 4
      vertex -16.7716 9.14805 10
      vertex -16.7716 9.14805 4
    endloop
  endfacet
  facet normal -0.803172 0.595747 0
    outer loop
      vertex 16.319 -9.90318 4
      vertex 16.4944 -9.66671 10
      vertex 16.4944 -9.66671 4
    endloop
  endfacet
  facet normal -0.803172 0.595747 0
    outer loop
      vertex 16.4944 -9.66671 10
      vertex 16.319 -9.90318 4
      vertex 16.319 -9.90318 10
    endloop
  endfacet
  facet normal -0.740938 0.671573 0
    outer loop
      vertex 16.1213 -10.1213 4
      vertex 16.319 -9.90318 10
      vertex 16.319 -9.90318 4
    endloop
  endfacet
  facet normal -0.740938 0.671573 0
    outer loop
      vertex 16.319 -9.90318 10
      vertex 16.1213 -10.1213 4
      vertex 16.1213 -10.1213 10
    endloop
  endfacet
  facet normal 0.671607 -0.740908 0
    outer loop
      vertex -16.1213 10.1213 4
      vertex -15.9032 10.319 10
      vertex -16.1213 10.1213 10
    endloop
  endfacet
  facet normal 0.671607 -0.740908 0
    outer loop
      vertex -15.9032 10.319 10
      vertex -16.1213 10.1213 4
      vertex -15.9032 10.319 4
    endloop
  endfacet
  facet normal -0.595699 -0.803208 0
    outer loop
      vertex 15.6667 10.4944 4
      vertex 15.9032 10.319 10
      vertex 15.6667 10.4944 10
    endloop
  endfacet
  facet normal -0.595699 -0.803208 -0
    outer loop
      vertex 15.9032 10.319 10
      vertex 15.6667 10.4944 4
      vertex 15.9032 10.319 4
    endloop
  endfacet
  facet normal 0.427269 0.904125 -0
    outer loop
      vertex -15.148 -10.7716 4
      vertex -15.4142 -10.6458 10
      vertex -15.148 -10.7716 10
    endloop
  endfacet
  facet normal 0.427269 0.904125 0
    outer loop
      vertex -15.4142 -10.6458 10
      vertex -15.148 -10.7716 4
      vertex -15.4142 -10.6458 4
    endloop
  endfacet
  facet normal -0.671607 -0.740908 0
    outer loop
      vertex 15.9032 10.319 4
      vertex 16.1213 10.1213 10
      vertex 15.9032 10.319 10
    endloop
  endfacet
  facet normal -0.671607 -0.740908 -0
    outer loop
      vertex 16.1213 10.1213 10
      vertex 15.9032 10.319 4
      vertex 16.1213 10.1213 4
    endloop
  endfacet
  facet normal 0.243175 -0.969982 0
    outer loop
      vertex -14.8709 10.8708 4
      vertex -14.5853 10.9424 10
      vertex -14.8709 10.8708 10
    endloop
  endfacet
  facet normal 0.243175 -0.969982 0
    outer loop
      vertex -14.5853 10.9424 10
      vertex -14.8709 10.8708 4
      vertex -14.5853 10.9424 4
    endloop
  endfacet
  facet normal -0.941527 0.336939 0
    outer loop
      vertex 16.7716 -9.14805 4
      vertex 16.8708 -8.87085 10
      vertex 16.8708 -8.87085 4
    endloop
  endfacet
  facet normal -0.941527 0.336939 0
    outer loop
      vertex 16.8708 -8.87085 10
      vertex 16.7716 -9.14805 4
      vertex 16.7716 -9.14805 10
    endloop
  endfacet
  facet normal -0.941527 -0.336939 0
    outer loop
      vertex 16.8708 8.87085 4
      vertex 16.7716 9.14805 10
      vertex 16.7716 9.14805 4
    endloop
  endfacet
  facet normal -0.941527 -0.336939 0
    outer loop
      vertex 16.7716 9.14805 10
      vertex 16.8708 8.87085 4
      vertex 16.8708 8.87085 10
    endloop
  endfacet
  facet normal 0.337047 -0.941488 0
    outer loop
      vertex -15.148 10.7716 4
      vertex -14.8709 10.8708 10
      vertex -15.148 10.7716 10
    endloop
  endfacet
  facet normal 0.337047 -0.941488 0
    outer loop
      vertex -14.8709 10.8708 10
      vertex -15.148 10.7716 4
      vertex -14.8709 10.8708 4
    endloop
  endfacet
  facet normal -0.857661 -0.514216 0
    outer loop
      vertex 16.6458 9.41419 4
      vertex 16.4944 9.66671 10
      vertex 16.4944 9.66671 4
    endloop
  endfacet
  facet normal -0.857661 -0.514216 0
    outer loop
      vertex 16.4944 9.66671 10
      vertex 16.6458 9.41419 4
      vertex 16.6458 9.41419 10
    endloop
  endfacet
  facet normal -0.969978 0.243191 0
    outer loop
      vertex 16.8708 -8.87085 4
      vertex 16.9424 -8.58527 10
      vertex 16.9424 -8.58527 4
    endloop
  endfacet
  facet normal -0.969978 0.243191 0
    outer loop
      vertex 16.9424 -8.58527 10
      vertex 16.8708 -8.87085 4
      vertex 16.8708 -8.87085 10
    endloop
  endfacet
  facet normal -0.989176 0.146736 0
    outer loop
      vertex 16.9424 -8.58527 4
      vertex 16.9856 -8.29405 10
      vertex 16.9856 -8.29405 4
    endloop
  endfacet
  facet normal -0.989176 0.146736 0
    outer loop
      vertex 16.9856 -8.29405 10
      vertex 16.9424 -8.58527 4
      vertex 16.9424 -8.58527 10
    endloop
  endfacet
  facet normal -1 -0 0
    outer loop
      vertex 17 -4.99278 4.85297
      vertex 17 -8 4
      vertex 17 -5 5
    endloop
  endfacet
  facet normal -1 -0 0
    outer loop
      vertex 17 -4.97118 4.70737
      vertex 17 -8 4
      vertex 17 -4.99278 4.85297
    endloop
  endfacet
  facet normal -1 -0 0
    outer loop
      vertex 17 -4.93541 4.56457
      vertex 17 -8 4
      vertex 17 -4.97118 4.70737
    endloop
  endfacet
  facet normal -1 -0 0
    outer loop
      vertex 17 -4.88582 4.42598
      vertex 17 -8 4
      vertex 17 -4.93541 4.56457
    endloop
  endfacet
  facet normal -1 -0 0
    outer loop
      vertex 17 -4.82288 4.29291
      vertex 17 -8 4
      vertex 17 -4.88582 4.42598
    endloop
  endfacet
  facet normal -1 -0 0
    outer loop
      vertex 17 -4.7472 4.16665
      vertex 17 -8 4
      vertex 17 -4.82288 4.29291
    endloop
  endfacet
  facet normal -1 -0 0
    outer loop
      vertex 17 -4.65952 4.04841
      vertex 17 -8 4
      vertex 17 -4.7472 4.16665
    endloop
  endfacet
  facet normal -1 0 0
    outer loop
      vertex 17 -8 4
      vertex 17 -4.65952 4.04841
      vertex 17 -4.61564 4
    endloop
  endfacet
  facet normal -1 0 0
    outer loop
      vertex 17 4.99278 5.14703
      vertex 17 8 4
      vertex 17 5 5
    endloop
  endfacet
  facet normal -1 0 0
    outer loop
      vertex 17 8 4
      vertex 17 4.99278 4.85297
      vertex 17 5 5
    endloop
  endfacet
  facet normal -1 0 0
    outer loop
      vertex 17 8 4
      vertex 17 4.97118 4.70737
      vertex 17 4.99278 4.85297
    endloop
  endfacet
  facet normal -1 0 0
    outer loop
      vertex 17 8 4
      vertex 17 4.93541 4.56457
      vertex 17 4.97118 4.70737
    endloop
  endfacet
  facet normal -1 0 0
    outer loop
      vertex 17 8 4
      vertex 17 4.88582 4.42598
      vertex 17 4.93541 4.56457
    endloop
  endfacet
  facet normal -1 0 0
    outer loop
      vertex 17 8 4
      vertex 17 4.82288 4.29291
      vertex 17 4.88582 4.42598
    endloop
  endfacet
  facet normal -1 0 0
    outer loop
      vertex 17 8 4
      vertex 17 4.7472 4.16665
      vertex 17 4.82288 4.29291
    endloop
  endfacet
  facet normal -1 0 0
    outer loop
      vertex 17 8 4
      vertex 17 4.65952 4.04841
      vertex 17 4.7472 4.16665
    endloop
  endfacet
  facet normal -1 0 -0
    outer loop
      vertex 17 4.65952 4.04841
      vertex 17 8 4
      vertex 17 4.61564 4
    endloop
  endfacet
  facet normal -1 0 0
    outer loop
      vertex 17 4.97118 5.29263
      vertex 17 8 4
      vertex 17 4.99278 5.14703
    endloop
  endfacet
  facet normal -1 0 0
    outer loop
      vertex 17 4.93541 5.43543
      vertex 17 8 4
      vertex 17 4.97118 5.29263
    endloop
  endfacet
  facet normal -1 0 0
    outer loop
      vertex 17 4.88582 5.57402
      vertex 17 8 4
      vertex 17 4.93541 5.43543
    endloop
  endfacet
  facet normal -1 0 0
    outer loop
      vertex 17 4.82288 5.70709
      vertex 17 8 4
      vertex 17 4.88582 5.57402
    endloop
  endfacet
  facet normal -1 0 0
    outer loop
      vertex 17 8 4
      vertex 17 4.82288 5.70709
      vertex 17 8 10
    endloop
  endfacet
  facet normal -1 0 0
    outer loop
      vertex 17 4.7472 5.83335
      vertex 17 8 10
      vertex 17 4.82288 5.70709
    endloop
  endfacet
  facet normal -1 0 0
    outer loop
      vertex 17 4.65952 5.95159
      vertex 17 8 10
      vertex 17 4.7472 5.83335
    endloop
  endfacet
  facet normal -1 0 0
    outer loop
      vertex 17 4.56066 6.06066
      vertex 17 8 10
      vertex 17 4.65952 5.95159
    endloop
  endfacet
  facet normal -1 0 0
    outer loop
      vertex 17 4.45159 6.15952
      vertex 17 8 10
      vertex 17 4.56066 6.06066
    endloop
  endfacet
  facet normal -1 0 0
    outer loop
      vertex 17 4.33335 6.2472
      vertex 17 8 10
      vertex 17 4.45159 6.15952
    endloop
  endfacet
  facet normal -1 0 0
    outer loop
      vertex 17 4.20709 6.32288
      vertex 17 8 10
      vertex 17 4.33335 6.2472
    endloop
  endfacet
  facet normal -1 0 0
    outer loop
      vertex 17 4.07402 6.38582
      vertex 17 8 10
      vertex 17 4.20709 6.32288
    endloop
  endfacet
  facet normal -1 0 0
    outer loop
      vertex 17 3.93543 6.43541
      vertex 17 8 10
      vertex 17 4.07402 6.38582
    endloop
  endfacet
  facet normal -1 0 0
    outer loop
      vertex 17 3.79263 6.47118
      vertex 17 8 10
      vertex 17 3.93543 6.43541
    endloop
  endfacet
  facet normal -1 0 0
    outer loop
      vertex 17 3.64703 6.49278
      vertex 17 8 10
      vertex 17 3.79263 6.47118
    endloop
  endfacet
  facet normal -1 0 0
    outer loop
      vertex 17 3.5 6.5
      vertex 17 8 10
      vertex 17 3.64703 6.49278
    endloop
  endfacet
  facet normal -1 0 0
    outer loop
      vertex 17 -3.5 6.5
      vertex 17 8 10
      vertex 17 3.5 6.5
    endloop
  endfacet
  facet normal -1 0 0
    outer loop
      vertex 17 -8 10
      vertex 17 -3.5 6.5
      vertex 17 -3.64703 6.49278
    endloop
  endfacet
  facet normal -1 0 0
    outer loop
      vertex 17 -8 10
      vertex 17 -3.64703 6.49278
      vertex 17 -3.79263 6.47118
    endloop
  endfacet
  facet normal -1 0 0
    outer loop
      vertex 17 -8 10
      vertex 17 -3.79263 6.47118
      vertex 17 -3.93543 6.43541
    endloop
  endfacet
  facet normal -1 0 0
    outer loop
      vertex 17 -8 4
      vertex 17 -4.99278 5.14703
      vertex 17 -5 5
    endloop
  endfacet
  facet normal -1 0 0
    outer loop
      vertex 17 -8 4
      vertex 17 -4.97118 5.29263
      vertex 17 -4.99278 5.14703
    endloop
  endfacet
  facet normal -1 0 0
    outer loop
      vertex 17 -8 4
      vertex 17 -4.93541 5.43543
      vertex 17 -4.97118 5.29263
    endloop
  endfacet
  facet normal -1 0 0
    outer loop
      vertex 17 -8 4
      vertex 17 -4.88582 5.57402
      vertex 17 -4.93541 5.43543
    endloop
  endfacet
  facet normal -1 0 0
    outer loop
      vertex 17 -8 4
      vertex 17 -4.82288 5.70709
      vertex 17 -4.88582 5.57402
    endloop
  endfacet
  facet normal -1 0 0
    outer loop
      vertex 17 -8 10
      vertex 17 -4.82288 5.70709
      vertex 17 -8 4
    endloop
  endfacet
  facet normal -1 0 0
    outer loop
      vertex 17 -4.82288 5.70709
      vertex 17 -8 10
      vertex 17 -4.7472 5.83335
    endloop
  endfacet
  facet normal -1 0 0
    outer loop
      vertex 17 -4.7472 5.83335
      vertex 17 -8 10
      vertex 17 -4.65952 5.95159
    endloop
  endfacet
  facet normal -1 0 0
    outer loop
      vertex 17 -4.65952 5.95159
      vertex 17 -8 10
      vertex 17 -4.56066 6.06066
    endloop
  endfacet
  facet normal -1 0 0
    outer loop
      vertex 17 -4.56066 6.06066
      vertex 17 -8 10
      vertex 17 -4.45159 6.15952
    endloop
  endfacet
  facet normal -1 0 0
    outer loop
      vertex 17 -3.5 6.5
      vertex 17 -8 10
      vertex 17 8 10
    endloop
  endfacet
  facet normal -1 0 0
    outer loop
      vertex 17 -4.07402 6.38582
      vertex 17 -8 10
      vertex 17 -3.93543 6.43541
    endloop
  endfacet
  facet normal -1 0 0
    outer loop
      vertex 17 -4.20709 6.32288
      vertex 17 -8 10
      vertex 17 -4.07402 6.38582
    endloop
  endfacet
  facet normal -1 0 0
    outer loop
      vertex 17 -4.33335 6.2472
      vertex 17 -8 10
      vertex 17 -4.20709 6.32288
    endloop
  endfacet
  facet normal -1 0 0
    outer loop
      vertex 17 -4.45159 6.15952
      vertex 17 -8 10
      vertex 17 -4.33335 6.2472
    endloop
  endfacet
  facet normal 0.146746 0.989174 -0
    outer loop
      vertex -14.2941 -10.9856 4
      vertex -14.5853 -10.9424 10
      vertex -14.2941 -10.9856 10
    endloop
  endfacet
  facet normal 0.146746 0.989174 0
    outer loop
      vertex -14.5853 -10.9424 10
      vertex -14.2941 -10.9856 4
      vertex -14.5853 -10.9424 4
    endloop
  endfacet
  facet normal -0.243175 0.969982 0
    outer loop
      vertex 14.8709 -10.8708 4
      vertex 14.5853 -10.9424 10
      vertex 14.8709 -10.8708 10
    endloop
  endfacet
  facet normal -0.243175 0.969982 0
    outer loop
      vertex 14.5853 -10.9424 10
      vertex 14.8709 -10.8708 4
      vertex 14.5853 -10.9424 4
    endloop
  endfacet
  facet normal 0.969978 0.243191 0
    outer loop
      vertex -16.8708 -8.87085 10
      vertex -16.9424 -8.58527 4
      vertex -16.9424 -8.58527 10
    endloop
  endfacet
  facet normal 0.969978 0.243191 0
    outer loop
      vertex -16.9424 -8.58527 4
      vertex -16.8708 -8.87085 10
      vertex -16.8708 -8.87085 4
    endloop
  endfacet
  facet normal -0.904088 -0.427347 0
    outer loop
      vertex 16.7716 9.14805 4
      vertex 16.6458 9.41419 10
      vertex 16.6458 9.41419 4
    endloop
  endfacet
  facet normal -0.904088 -0.427347 0
    outer loop
      vertex 16.6458 9.41419 10
      vertex 16.7716 9.14805 4
      vertex 16.7716 9.14805 10
    endloop
  endfacet
  facet normal 0.989176 0.146736 0
    outer loop
      vertex -16.9424 -8.58527 10
      vertex -16.9856 -8.29405 4
      vertex -16.9856 -8.29405 10
    endloop
  endfacet
  facet normal 0.989176 0.146736 0
    outer loop
      vertex -16.9856 -8.29405 4
      vertex -16.9424 -8.58527 10
      vertex -16.9424 -8.58527 4
    endloop
  endfacet
  facet normal -0.595699 0.803208 0
    outer loop
      vertex 15.9032 -10.319 4
      vertex 15.6667 -10.4944 10
      vertex 15.9032 -10.319 10
    endloop
  endfacet
  facet normal -0.595699 0.803208 0
    outer loop
      vertex 15.6667 -10.4944 10
      vertex 15.9032 -10.319 4
      vertex 15.6667 -10.4944 4
    endloop
  endfacet
  facet normal 0.857661 0.514216 0
    outer loop
      vertex -16.4944 -9.66671 10
      vertex -16.6458 -9.41419 4
      vertex -16.6458 -9.41419 10
    endloop
  endfacet
  facet normal 0.857661 0.514216 0
    outer loop
      vertex -16.6458 -9.41419 4
      vertex -16.4944 -9.66671 10
      vertex -16.4944 -9.66671 4
    endloop
  endfacet
  facet normal 0.595699 0.803208 -0
    outer loop
      vertex -15.6667 -10.4944 4
      vertex -15.9032 -10.319 10
      vertex -15.6667 -10.4944 10
    endloop
  endfacet
  facet normal 0.595699 0.803208 0
    outer loop
      vertex -15.9032 -10.319 10
      vertex -15.6667 -10.4944 4
      vertex -15.9032 -10.319 4
    endloop
  endfacet
  facet normal -0.904088 0.427347 0
    outer loop
      vertex 16.6458 -9.41419 4
      vertex 16.7716 -9.14805 10
      vertex 16.7716 -9.14805 4
    endloop
  endfacet
  facet normal -0.904088 0.427347 0
    outer loop
      vertex 16.7716 -9.14805 10
      vertex 16.6458 -9.41419 4
      vertex 16.6458 -9.41419 10
    endloop
  endfacet
  facet normal 0.803172 0.595747 0
    outer loop
      vertex -16.319 -9.90318 10
      vertex -16.4944 -9.66671 4
      vertex -16.4944 -9.66671 10
    endloop
  endfacet
  facet normal 0.803172 0.595747 0
    outer loop
      vertex -16.4944 -9.66671 4
      vertex -16.319 -9.90318 10
      vertex -16.319 -9.90318 4
    endloop
  endfacet
  facet normal 0.671607 0.740908 -0
    outer loop
      vertex -15.9032 -10.319 4
      vertex -16.1213 -10.1213 10
      vertex -15.9032 -10.319 10
    endloop
  endfacet
  facet normal 0.671607 0.740908 0
    outer loop
      vertex -16.1213 -10.1213 10
      vertex -15.9032 -10.319 4
      vertex -16.1213 -10.1213 4
    endloop
  endfacet
  facet normal -0.671607 0.740908 0
    outer loop
      vertex 16.1213 -10.1213 4
      vertex 15.9032 -10.319 10
      vertex 16.1213 -10.1213 10
    endloop
  endfacet
  facet normal -0.671607 0.740908 0
    outer loop
      vertex 15.9032 -10.319 10
      vertex 16.1213 -10.1213 4
      vertex 15.9032 -10.319 4
    endloop
  endfacet
  facet normal 0.243175 0.969982 -0
    outer loop
      vertex -14.5853 -10.9424 4
      vertex -14.8709 -10.8708 10
      vertex -14.5853 -10.9424 10
    endloop
  endfacet
  facet normal 0.243175 0.969982 0
    outer loop
      vertex -14.8709 -10.8708 10
      vertex -14.5853 -10.9424 4
      vertex -14.8709 -10.8708 4
    endloop
  endfacet
  facet normal -0.989179 0.146716 0
    outer loop
      vertex 4.90393 -0.975451 0.799999
      vertex 4.97592 -0.490086 4
      vertex 4.97592 -0.490086 0.799999
    endloop
  endfacet
  facet normal -0.989179 0.146716 0
    outer loop
      vertex 4.97592 -0.490086 4
      vertex 4.90393 -0.975451 0.799999
      vertex 4.90393 -0.975451 4
    endloop
  endfacet
  facet normal -0.740943 -0.671568 0
    outer loop
      vertex 3.86505 3.17197 0.799999
      vertex 3.53553 3.53553 4
      vertex 3.53553 3.53553 0.799999
    endloop
  endfacet
  facet normal -0.740943 -0.671568 0
    outer loop
      vertex 3.53553 3.53553 4
      vertex 3.86505 3.17197 0.799999
      vertex 3.86505 3.17197 4
    endloop
  endfacet
  facet normal -0.671568 -0.740943 0
    outer loop
      vertex 3.17197 3.86505 0.799999
      vertex 3.53553 3.53553 4
      vertex 3.17197 3.86505 4
    endloop
  endfacet
  facet normal -0.671568 -0.740943 -0
    outer loop
      vertex 3.53553 3.53553 4
      vertex 3.17197 3.86505 0.799999
      vertex 3.53553 3.53553 0.799999
    endloop
  endfacet
  facet normal -0.5957 0.803207 0
    outer loop
      vertex 3.17197 -3.86505 0.799999
      vertex 2.77785 -4.15735 4
      vertex 3.17197 -3.86505 4
    endloop
  endfacet
  facet normal -0.5957 0.803207 0
    outer loop
      vertex 2.77785 -4.15735 4
      vertex 3.17197 -3.86505 0.799999
      vertex 2.77785 -4.15735 0.799999
    endloop
  endfacet
  facet normal 0.903988 -0.427558 0
    outer loop
      vertex -4.6194 1.91342 4
      vertex -4.40961 2.35698 0.799999
      vertex -4.40961 2.35698 4
    endloop
  endfacet
  facet normal 0.903988 -0.427558 0
    outer loop
      vertex -4.40961 2.35698 0.799999
      vertex -4.6194 1.91342 4
      vertex -4.6194 1.91342 0.799999
    endloop
  endfacet
  facet normal 0.427558 -0.903988 0
    outer loop
      vertex -2.35698 4.40961 0.799999
      vertex -1.91342 4.6194 4
      vertex -2.35698 4.40961 4
    endloop
  endfacet
  facet normal 0.427558 -0.903988 0
    outer loop
      vertex -1.91342 4.6194 4
      vertex -2.35698 4.40961 0.799999
      vertex -1.91342 4.6194 0.799999
    endloop
  endfacet
  facet normal 0.049075 0.998795 -0
    outer loop
      vertex 0 -5 0.799999
      vertex -0.490086 -4.97592 4
      vertex 0 -5 4
    endloop
  endfacet
  facet normal 0.049075 0.998795 0
    outer loop
      vertex -0.490086 -4.97592 4
      vertex 0 -5 0.799999
      vertex -0.490086 -4.97592 0.799999
    endloop
  endfacet
  facet normal -0.427558 0.903988 0
    outer loop
      vertex 2.35698 -4.40961 0.799999
      vertex 1.91342 -4.6194 4
      vertex 2.35698 -4.40961 4
    endloop
  endfacet
  facet normal -0.427558 0.903988 0
    outer loop
      vertex 1.91342 -4.6194 4
      vertex 2.35698 -4.40961 0.799999
      vertex 1.91342 -4.6194 0.799999
    endloop
  endfacet
  facet normal 0.242992 -0.970028 0
    outer loop
      vertex -1.45142 4.7847 0.799999
      vertex -0.975451 4.90393 4
      vertex -1.45142 4.7847 4
    endloop
  endfacet
  facet normal 0.242992 -0.970028 0
    outer loop
      vertex -0.975451 4.90393 4
      vertex -1.45142 4.7847 0.799999
      vertex -0.975451 4.90393 0.799999
    endloop
  endfacet
  facet normal 0.803207 0.5957 0
    outer loop
      vertex -3.86505 -3.17197 4
      vertex -4.15735 -2.77785 0.799999
      vertex -4.15735 -2.77785 4
    endloop
  endfacet
  facet normal 0.803207 0.5957 0
    outer loop
      vertex -4.15735 -2.77785 0.799999
      vertex -3.86505 -3.17197 4
      vertex -3.86505 -3.17197 0.799999
    endloop
  endfacet
  facet normal 0.857728 0.514103 0
    outer loop
      vertex -4.15735 -2.77785 4
      vertex -4.40961 -2.35698 0.799999
      vertex -4.40961 -2.35698 4
    endloop
  endfacet
  facet normal 0.857728 0.514103 0
    outer loop
      vertex -4.40961 -2.35698 0.799999
      vertex -4.15735 -2.77785 4
      vertex -4.15735 -2.77785 0.799999
    endloop
  endfacet
  facet normal -0.941548 -0.336879 0
    outer loop
      vertex 4.7847 1.45142 0.799999
      vertex 4.6194 1.91342 4
      vertex 4.6194 1.91342 0.799999
    endloop
  endfacet
  facet normal -0.941548 -0.336879 0
    outer loop
      vertex 4.6194 1.91342 4
      vertex 4.7847 1.45142 0.799999
      vertex 4.7847 1.45142 4
    endloop
  endfacet
  facet normal -0.427558 -0.903988 0
    outer loop
      vertex 1.91342 4.6194 0.799999
      vertex 2.35698 4.40961 4
      vertex 1.91342 4.6194 4
    endloop
  endfacet
  facet normal -0.427558 -0.903988 -0
    outer loop
      vertex 2.35698 4.40961 4
      vertex 1.91342 4.6194 0.799999
      vertex 2.35698 4.40961 0.799999
    endloop
  endfacet
  facet normal -0.146716 -0.989179 0
    outer loop
      vertex 0.490086 4.97592 0.799999
      vertex 0.975451 4.90393 4
      vertex 0.490086 4.97592 4
    endloop
  endfacet
  facet normal -0.146716 -0.989179 -0
    outer loop
      vertex 0.975451 4.90393 4
      vertex 0.490086 4.97592 0.799999
      vertex 0.975451 4.90393 0.799999
    endloop
  endfacet
  facet normal -0.803207 -0.5957 0
    outer loop
      vertex 4.15735 2.77785 0.799999
      vertex 3.86505 3.17197 4
      vertex 3.86505 3.17197 0.799999
    endloop
  endfacet
  facet normal -0.803207 -0.5957 0
    outer loop
      vertex 3.86505 3.17197 4
      vertex 4.15735 2.77785 0.799999
      vertex 4.15735 2.77785 4
    endloop
  endfacet
  facet normal 0.336879 -0.941548 0
    outer loop
      vertex -1.91342 4.6194 0.799999
      vertex -1.45142 4.7847 4
      vertex -1.91342 4.6194 4
    endloop
  endfacet
  facet normal 0.336879 -0.941548 0
    outer loop
      vertex -1.45142 4.7847 4
      vertex -1.91342 4.6194 0.799999
      vertex -1.45142 4.7847 0.799999
    endloop
  endfacet
  facet normal 0.740943 -0.671568 0
    outer loop
      vertex -3.86505 3.17197 4
      vertex -3.53553 3.53553 0.799999
      vertex -3.53553 3.53553 4
    endloop
  endfacet
  facet normal 0.740943 -0.671568 0
    outer loop
      vertex -3.53553 3.53553 0.799999
      vertex -3.86505 3.17197 4
      vertex -3.86505 3.17197 0.799999
    endloop
  endfacet
  facet normal 0.671568 0.740943 -0
    outer loop
      vertex -3.17197 -3.86505 0.799999
      vertex -3.53553 -3.53553 4
      vertex -3.17197 -3.86505 4
    endloop
  endfacet
  facet normal 0.671568 0.740943 0
    outer loop
      vertex -3.53553 -3.53553 4
      vertex -3.17197 -3.86505 0.799999
      vertex -3.53553 -3.53553 0.799999
    endloop
  endfacet
  facet normal -0.989179 -0.146716 0
    outer loop
      vertex 4.97592 0.490086 0.799999
      vertex 4.90393 0.975451 4
      vertex 4.90393 0.975451 0.799999
    endloop
  endfacet
  facet normal -0.989179 -0.146716 0
    outer loop
      vertex 4.90393 0.975451 4
      vertex 4.97592 0.490086 0.799999
      vertex 4.97592 0.490086 4
    endloop
  endfacet
  facet normal 0.941548 -0.336879 0
    outer loop
      vertex -4.7847 1.45142 4
      vertex -4.6194 1.91342 0.799999
      vertex -4.6194 1.91342 4
    endloop
  endfacet
  facet normal 0.941548 -0.336879 0
    outer loop
      vertex -4.6194 1.91342 0.799999
      vertex -4.7847 1.45142 4
      vertex -4.7847 1.45142 0.799999
    endloop
  endfacet
  facet normal -0.998795 -0.049075 0
    outer loop
      vertex 5 0 0.799999
      vertex 4.97592 0.490086 4
      vertex 4.97592 0.490086 0.799999
    endloop
  endfacet
  facet normal -0.998795 -0.049075 0
    outer loop
      vertex 4.97592 0.490086 4
      vertex 5 0 0.799999
      vertex 5 0 4
    endloop
  endfacet
  facet normal 0.336879 0.941548 -0
    outer loop
      vertex -1.45142 -4.7847 0.799999
      vertex -1.91342 -4.6194 4
      vertex -1.45142 -4.7847 4
    endloop
  endfacet
  facet normal 0.336879 0.941548 0
    outer loop
      vertex -1.91342 -4.6194 4
      vertex -1.45142 -4.7847 0.799999
      vertex -1.91342 -4.6194 0.799999
    endloop
  endfacet
  facet normal -0.514103 0.857728 0
    outer loop
      vertex 2.77785 -4.15735 0.799999
      vertex 2.35698 -4.40961 4
      vertex 2.77785 -4.15735 4
    endloop
  endfacet
  facet normal -0.514103 0.857728 0
    outer loop
      vertex 2.35698 -4.40961 4
      vertex 2.77785 -4.15735 0.799999
      vertex 2.35698 -4.40961 0.799999
    endloop
  endfacet
  facet normal -0.146716 0.989179 0
    outer loop
      vertex 0.975451 -4.90393 0.799999
      vertex 0.490086 -4.97592 4
      vertex 0.975451 -4.90393 4
    endloop
  endfacet
  facet normal -0.146716 0.989179 0
    outer loop
      vertex 0.490086 -4.97592 4
      vertex 0.975451 -4.90393 0.799999
      vertex 0.490086 -4.97592 0.799999
    endloop
  endfacet
  facet normal 0.5957 0.803207 -0
    outer loop
      vertex -2.77785 -4.15735 0.799999
      vertex -3.17197 -3.86505 4
      vertex -2.77785 -4.15735 4
    endloop
  endfacet
  facet normal 0.5957 0.803207 0
    outer loop
      vertex -3.17197 -3.86505 4
      vertex -2.77785 -4.15735 0.799999
      vertex -3.17197 -3.86505 0.799999
    endloop
  endfacet
  facet normal -0.049075 0.998795 0
    outer loop
      vertex 0.490086 -4.97592 0.799999
      vertex 0 -5 4
      vertex 0.490086 -4.97592 4
    endloop
  endfacet
  facet normal -0.049075 0.998795 0
    outer loop
      vertex 0 -5 4
      vertex 0.490086 -4.97592 0.799999
      vertex 0 -5 0.799999
    endloop
  endfacet
  facet normal -0.740943 0.671568 0
    outer loop
      vertex 3.53553 -3.53553 0.799999
      vertex 3.86505 -3.17197 4
      vertex 3.86505 -3.17197 0.799999
    endloop
  endfacet
  facet normal -0.740943 0.671568 0
    outer loop
      vertex 3.86505 -3.17197 4
      vertex 3.53553 -3.53553 0.799999
      vertex 3.53553 -3.53553 4
    endloop
  endfacet
  facet normal 0.970028 0.242992 0
    outer loop
      vertex -4.7847 -1.45142 4
      vertex -4.90393 -0.975451 0.799999
      vertex -4.90393 -0.975451 4
    endloop
  endfacet
  facet normal 0.970028 0.242992 0
    outer loop
      vertex -4.90393 -0.975451 0.799999
      vertex -4.7847 -1.45142 4
      vertex -4.7847 -1.45142 0.799999
    endloop
  endfacet
  facet normal -0.857728 -0.514103 0
    outer loop
      vertex 4.40961 2.35698 0.799999
      vertex 4.15735 2.77785 4
      vertex 4.15735 2.77785 0.799999
    endloop
  endfacet
  facet normal -0.857728 -0.514103 0
    outer loop
      vertex 4.15735 2.77785 4
      vertex 4.40961 2.35698 0.799999
      vertex 4.40961 2.35698 4
    endloop
  endfacet
  facet normal -0.514103 -0.857728 0
    outer loop
      vertex 2.35698 4.40961 0.799999
      vertex 2.77785 4.15735 4
      vertex 2.35698 4.40961 4
    endloop
  endfacet
  facet normal -0.514103 -0.857728 -0
    outer loop
      vertex 2.77785 4.15735 4
      vertex 2.35698 4.40961 0.799999
      vertex 2.77785 4.15735 0.799999
    endloop
  endfacet
  facet normal 0.998795 0.049075 0
    outer loop
      vertex -4.97592 -0.490086 4
      vertex -5 0 0.799999
      vertex -5 0 4
    endloop
  endfacet
  facet normal 0.998795 0.049075 0
    outer loop
      vertex -5 0 0.799999
      vertex -4.97592 -0.490086 4
      vertex -4.97592 -0.490086 0.799999
    endloop
  endfacet
  facet normal -0.857728 0.514103 0
    outer loop
      vertex 4.15735 -2.77785 0.799999
      vertex 4.40961 -2.35698 4
      vertex 4.40961 -2.35698 0.799999
    endloop
  endfacet
  facet normal -0.857728 0.514103 0
    outer loop
      vertex 4.40961 -2.35698 4
      vertex 4.15735 -2.77785 0.799999
      vertex 4.15735 -2.77785 4
    endloop
  endfacet
  facet normal -0.803207 0.5957 0
    outer loop
      vertex 3.86505 -3.17197 0.799999
      vertex 4.15735 -2.77785 4
      vertex 4.15735 -2.77785 0.799999
    endloop
  endfacet
  facet normal -0.803207 0.5957 0
    outer loop
      vertex 4.15735 -2.77785 4
      vertex 3.86505 -3.17197 0.799999
      vertex 3.86505 -3.17197 4
    endloop
  endfacet
  facet normal -0.970028 -0.242992 0
    outer loop
      vertex 4.90393 0.975451 0.799999
      vertex 4.7847 1.45142 4
      vertex 4.7847 1.45142 0.799999
    endloop
  endfacet
  facet normal -0.970028 -0.242992 0
    outer loop
      vertex 4.7847 1.45142 4
      vertex 4.90393 0.975451 0.799999
      vertex 4.90393 0.975451 4
    endloop
  endfacet
  facet normal 0.427558 0.903988 -0
    outer loop
      vertex -1.91342 -4.6194 0.799999
      vertex -2.35698 -4.40961 4
      vertex -1.91342 -4.6194 4
    endloop
  endfacet
  facet normal 0.427558 0.903988 0
    outer loop
      vertex -2.35698 -4.40961 4
      vertex -1.91342 -4.6194 0.799999
      vertex -2.35698 -4.40961 0.799999
    endloop
  endfacet
  facet normal -0.049075 -0.998795 0
    outer loop
      vertex 0 5 0.799999
      vertex 0.490086 4.97592 4
      vertex 0 5 4
    endloop
  endfacet
  facet normal -0.049075 -0.998795 -0
    outer loop
      vertex 0.490086 4.97592 4
      vertex 0 5 0.799999
      vertex 0.490086 4.97592 0.799999
    endloop
  endfacet
  facet normal -0.242992 0.970028 0
    outer loop
      vertex 1.45142 -4.7847 0.799999
      vertex 0.975451 -4.90393 4
      vertex 1.45142 -4.7847 4
    endloop
  endfacet
  facet normal -0.242992 0.970028 0
    outer loop
      vertex 0.975451 -4.90393 4
      vertex 1.45142 -4.7847 0.799999
      vertex 0.975451 -4.90393 0.799999
    endloop
  endfacet
  facet normal 0.671568 -0.740943 0
    outer loop
      vertex -3.53553 3.53553 0.799999
      vertex -3.17197 3.86505 4
      vertex -3.53553 3.53553 4
    endloop
  endfacet
  facet normal 0.671568 -0.740943 0
    outer loop
      vertex -3.17197 3.86505 4
      vertex -3.53553 3.53553 0.799999
      vertex -3.17197 3.86505 0.799999
    endloop
  endfacet
  facet normal 0.146716 0.989179 -0
    outer loop
      vertex -0.490086 -4.97592 0.799999
      vertex -0.975451 -4.90393 4
      vertex -0.490086 -4.97592 4
    endloop
  endfacet
  facet normal 0.146716 0.989179 0
    outer loop
      vertex -0.975451 -4.90393 4
      vertex -0.490086 -4.97592 0.799999
      vertex -0.975451 -4.90393 0.799999
    endloop
  endfacet
  facet normal -0.5957 -0.803207 0
    outer loop
      vertex 2.77785 4.15735 0.799999
      vertex 3.17197 3.86505 4
      vertex 2.77785 4.15735 4
    endloop
  endfacet
  facet normal -0.5957 -0.803207 -0
    outer loop
      vertex 3.17197 3.86505 4
      vertex 2.77785 4.15735 0.799999
      vertex 3.17197 3.86505 0.799999
    endloop
  endfacet
  facet normal 0.049075 -0.998795 0
    outer loop
      vertex -0.490086 4.97592 0.799999
      vertex 0 5 4
      vertex -0.490086 4.97592 4
    endloop
  endfacet
  facet normal 0.049075 -0.998795 0
    outer loop
      vertex 0 5 4
      vertex -0.490086 4.97592 0.799999
      vertex 0 5 0.799999
    endloop
  endfacet
  facet normal 0 0 1
    outer loop
      vertex 4.97592 0.490086 0.799999
      vertex 4.97592 -0.490086 0.799999
      vertex 5 0 0.799999
    endloop
  endfacet
  facet normal 0 0 1
    outer loop
      vertex 4.90393 0.975451 0.799999
      vertex 4.97592 -0.490086 0.799999
      vertex 4.97592 0.490086 0.799999
    endloop
  endfacet
  facet normal 0 0 1
    outer loop
      vertex 4.90393 0.975451 0.799999
      vertex 4.90393 -0.975451 0.799999
      vertex 4.97592 -0.490086 0.799999
    endloop
  endfacet
  facet normal 0 0 1
    outer loop
      vertex 4.7847 1.45142 0.799999
      vertex 4.90393 -0.975451 0.799999
      vertex 4.90393 0.975451 0.799999
    endloop
  endfacet
  facet normal 0 0 1
    outer loop
      vertex 4.7847 1.45142 0.799999
      vertex 4.7847 -1.45142 0.799999
      vertex 4.90393 -0.975451 0.799999
    endloop
  endfacet
  facet normal 0 0 1
    outer loop
      vertex 4.6194 1.91342 0.799999
      vertex 4.7847 -1.45142 0.799999
      vertex 4.7847 1.45142 0.799999
    endloop
  endfacet
  facet normal 0 0 1
    outer loop
      vertex 4.6194 1.91342 0.799999
      vertex 4.6194 -1.91342 0.799999
      vertex 4.7847 -1.45142 0.799999
    endloop
  endfacet
  facet normal 0 0 1
    outer loop
      vertex 4.40961 2.35698 0.799999
      vertex 4.6194 -1.91342 0.799999
      vertex 4.6194 1.91342 0.799999
    endloop
  endfacet
  facet normal 0 0 1
    outer loop
      vertex 4.40961 2.35698 0.799999
      vertex 4.40961 -2.35698 0.799999
      vertex 4.6194 -1.91342 0.799999
    endloop
  endfacet
  facet normal 0 0 1
    outer loop
      vertex 4.15735 2.77785 0.799999
      vertex 4.40961 -2.35698 0.799999
      vertex 4.40961 2.35698 0.799999
    endloop
  endfacet
  facet normal 0 0 1
    outer loop
      vertex 4.15735 2.77785 0.799999
      vertex 4.15735 -2.77785 0.799999
      vertex 4.40961 -2.35698 0.799999
    endloop
  endfacet
  facet normal 0 0 1
    outer loop
      vertex 3.86505 3.17197 0.799999
      vertex 4.15735 -2.77785 0.799999
      vertex 4.15735 2.77785 0.799999
    endloop
  endfacet
  facet normal 0 0 1
    outer loop
      vertex 3.86505 3.17197 0.799999
      vertex 3.86505 -3.17197 0.799999
      vertex 4.15735 -2.77785 0.799999
    endloop
  endfacet
  facet normal 0 0 1
    outer loop
      vertex 3.53553 3.53553 0.799999
      vertex 3.86505 -3.17197 0.799999
      vertex 3.86505 3.17197 0.799999
    endloop
  endfacet
  facet normal 0 0 1
    outer loop
      vertex 3.53553 3.53553 0.799999
      vertex 3.53553 -3.53553 0.799999
      vertex 3.86505 -3.17197 0.799999
    endloop
  endfacet
  facet normal 0 0 1
    outer loop
      vertex 3.17197 3.86505 0.799999
      vertex 3.53553 -3.53553 0.799999
      vertex 3.53553 3.53553 0.799999
    endloop
  endfacet
  facet normal 0 0 1
    outer loop
      vertex 3.17197 3.86505 0.799999
      vertex 3.17197 -3.86505 0.799999
      vertex 3.53553 -3.53553 0.799999
    endloop
  endfacet
  facet normal 0 0 1
    outer loop
      vertex 2.77785 4.15735 0.799999
      vertex 3.17197 -3.86505 0.799999
      vertex 3.17197 3.86505 0.799999
    endloop
  endfacet
  facet normal 0 0 1
    outer loop
      vertex 2.77785 4.15735 0.799999
      vertex 2.77785 -4.15735 0.799999
      vertex 3.17197 -3.86505 0.799999
    endloop
  endfacet
  facet normal 0 0 1
    outer loop
      vertex 2.35698 4.40961 0.799999
      vertex 2.77785 -4.15735 0.799999
      vertex 2.77785 4.15735 0.799999
    endloop
  endfacet
  facet normal 0 0 1
    outer loop
      vertex 2.35698 4.40961 0.799999
      vertex 2.35698 -4.40961 0.799999
      vertex 2.77785 -4.15735 0.799999
    endloop
  endfacet
  facet normal 0 0 1
    outer loop
      vertex 1.91342 4.6194 0.799999
      vertex 2.35698 -4.40961 0.799999
      vertex 2.35698 4.40961 0.799999
    endloop
  endfacet
  facet normal 0 0 1
    outer loop
      vertex 1.91342 4.6194 0.799999
      vertex 1.91342 -4.6194 0.799999
      vertex 2.35698 -4.40961 0.799999
    endloop
  endfacet
  facet normal 0 0 1
    outer loop
      vertex 1.45142 4.7847 0.799999
      vertex 1.91342 -4.6194 0.799999
      vertex 1.91342 4.6194 0.799999
    endloop
  endfacet
  facet normal 0 0 1
    outer loop
      vertex 1.45142 4.7847 0.799999
      vertex 1.45142 -4.7847 0.799999
      vertex 1.91342 -4.6194 0.799999
    endloop
  endfacet
  facet normal 0 0 1
    outer loop
      vertex 0.975451 4.90393 0.799999
      vertex 1.45142 -4.7847 0.799999
      vertex 1.45142 4.7847 0.799999
    endloop
  endfacet
  facet normal 0 0 1
    outer loop
      vertex 0.975451 4.90393 0.799999
      vertex 0.975451 -4.90393 0.799999
      vertex 1.45142 -4.7847 0.799999
    endloop
  endfacet
  facet normal 0 0 1
    outer loop
      vertex 0.490086 4.97592 0.799999
      vertex 0.975451 -4.90393 0.799999
      vertex 0.975451 4.90393 0.799999
    endloop
  endfacet
  facet normal 0 0 1
    outer loop
      vertex 0.490086 4.97592 0.799999
      vertex 0.490086 -4.97592 0.799999
      vertex 0.975451 -4.90393 0.799999
    endloop
  endfacet
  facet normal 0 0 1
    outer loop
      vertex 0 5 0.799999
      vertex 0.490086 -4.97592 0.799999
      vertex 0.490086 4.97592 0.799999
    endloop
  endfacet
  facet normal 0 0 1
    outer loop
      vertex 0 5 0.799999
      vertex 0 -5 0.799999
      vertex 0.490086 -4.97592 0.799999
    endloop
  endfacet
  facet normal -0 0 1
    outer loop
      vertex -0.490086 4.97592 0.799999
      vertex 0 -5 0.799999
      vertex 0 5 0.799999
    endloop
  endfacet
  facet normal 0 0 1
    outer loop
      vertex -0.490086 4.97592 0.799999
      vertex -0.490086 -4.97592 0.799999
      vertex 0 -5 0.799999
    endloop
  endfacet
  facet normal -0 0 1
    outer loop
      vertex -0.975451 4.90393 0.799999
      vertex -0.490086 -4.97592 0.799999
      vertex -0.490086 4.97592 0.799999
    endloop
  endfacet
  facet normal 0 0 1
    outer loop
      vertex -0.975451 4.90393 0.799999
      vertex -0.975451 -4.90393 0.799999
      vertex -0.490086 -4.97592 0.799999
    endloop
  endfacet
  facet normal -0 0 1
    outer loop
      vertex -1.45142 4.7847 0.799999
      vertex -0.975451 -4.90393 0.799999
      vertex -0.975451 4.90393 0.799999
    endloop
  endfacet
  facet normal 0 0 1
    outer loop
      vertex -1.45142 4.7847 0.799999
      vertex -1.45142 -4.7847 0.799999
      vertex -0.975451 -4.90393 0.799999
    endloop
  endfacet
  facet normal -0 0 1
    outer loop
      vertex -1.91342 4.6194 0.799999
      vertex -1.45142 -4.7847 0.799999
      vertex -1.45142 4.7847 0.799999
    endloop
  endfacet
  facet normal 0 0 1
    outer loop
      vertex -1.91342 4.6194 0.799999
      vertex -1.91342 -4.6194 0.799999
      vertex -1.45142 -4.7847 0.799999
    endloop
  endfacet
  facet normal -0 0 1
    outer loop
      vertex -2.35698 4.40961 0.799999
      vertex -1.91342 -4.6194 0.799999
      vertex -1.91342 4.6194 0.799999
    endloop
  endfacet
  facet normal 0 0 1
    outer loop
      vertex -2.35698 4.40961 0.799999
      vertex -2.35698 -4.40961 0.799999
      vertex -1.91342 -4.6194 0.799999
    endloop
  endfacet
  facet normal -0 0 1
    outer loop
      vertex -2.77785 4.15735 0.799999
      vertex -2.35698 -4.40961 0.799999
      vertex -2.35698 4.40961 0.799999
    endloop
  endfacet
  facet normal 0 0 1
    outer loop
      vertex -2.77785 4.15735 0.799999
      vertex -2.77785 -4.15735 0.799999
      vertex -2.35698 -4.40961 0.799999
    endloop
  endfacet
  facet normal -0 0 1
    outer loop
      vertex -3.17197 3.86505 0.799999
      vertex -2.77785 -4.15735 0.799999
      vertex -2.77785 4.15735 0.799999
    endloop
  endfacet
  facet normal 0 0 1
    outer loop
      vertex -3.17197 3.86505 0.799999
      vertex -3.17197 -3.86505 0.799999
      vertex -2.77785 -4.15735 0.799999
    endloop
  endfacet
  facet normal -0 0 1
    outer loop
      vertex -3.53553 3.53553 0.799999
      vertex -3.17197 -3.86505 0.799999
      vertex -3.17197 3.86505 0.799999
    endloop
  endfacet
  facet normal 0 0 1
    outer loop
      vertex -3.53553 3.53553 0.799999
      vertex -3.53553 -3.53553 0.799999
      vertex -3.17197 -3.86505 0.799999
    endloop
  endfacet
  facet normal -0 0 1
    outer loop
      vertex -3.86505 3.17197 0.799999
      vertex -3.53553 -3.53553 0.799999
      vertex -3.53553 3.53553 0.799999
    endloop
  endfacet
  facet normal 0 0 1
    outer loop
      vertex -3.86505 3.17197 0.799999
      vertex -3.86505 -3.17197 0.799999
      vertex -3.53553 -3.53553 0.799999
    endloop
  endfacet
  facet normal -0 0 1
    outer loop
      vertex -4.15735 2.77785 0.799999
      vertex -3.86505 -3.17197 0.799999
      vertex -3.86505 3.17197 0.799999
    endloop
  endfacet
  facet normal 0 0 1
    outer loop
      vertex -4.15735 2.77785 0.799999
      vertex -4.15735 -2.77785 0.799999
      vertex -3.86505 -3.17197 0.799999
    endloop
  endfacet
  facet normal -0 0 1
    outer loop
      vertex -4.40961 2.35698 0.799999
      vertex -4.15735 -2.77785 0.799999
      vertex -4.15735 2.77785 0.799999
    endloop
  endfacet
  facet normal 0 0 1
    outer loop
      vertex -4.40961 2.35698 0.799999
      vertex -4.40961 -2.35698 0.799999
      vertex -4.15735 -2.77785 0.799999
    endloop
  endfacet
  facet normal -0 0 1
    outer loop
      vertex -4.6194 1.91342 0.799999
      vertex -4.40961 -2.35698 0.799999
      vertex -4.40961 2.35698 0.799999
    endloop
  endfacet
  facet normal 0 0 1
    outer loop
      vertex -4.6194 1.91342 0.799999
      vertex -4.6194 -1.91342 0.799999
      vertex -4.40961 -2.35698 0.799999
    endloop
  endfacet
  facet normal -0 0 1
    outer loop
      vertex -4.7847 1.45142 0.799999
      vertex -4.6194 -1.91342 0.799999
      vertex -4.6194 1.91342 0.799999
    endloop
  endfacet
  facet normal 0 0 1
    outer loop
      vertex -4.7847 1.45142 0.799999
      vertex -4.7847 -1.45142 0.799999
      vertex -4.6194 -1.91342 0.799999
    endloop
  endfacet
  facet normal -0 0 1
    outer loop
      vertex -4.90393 0.975451 0.799999
      vertex -4.7847 -1.45142 0.799999
      vertex -4.7847 1.45142 0.799999
    endloop
  endfacet
  facet normal 0 0 1
    outer loop
      vertex -4.90393 0.975451 0.799999
      vertex -4.90393 -0.975451 0.799999
      vertex -4.7847 -1.45142 0.799999
    endloop
  endfacet
  facet normal -0 0 1
    outer loop
      vertex -4.97592 0.490086 0.799999
      vertex -4.90393 -0.975451 0.799999
      vertex -4.90393 0.975451 0.799999
    endloop
  endfacet
  facet normal 0 0 1
    outer loop
      vertex -4.97592 0.490086 0.799999
      vertex -4.97592 -0.490086 0.799999
      vertex -4.90393 -0.975451 0.799999
    endloop
  endfacet
  facet normal 0 -0 1
    outer loop
      vertex -4.97592 -0.490086 0.799999
      vertex -4.97592 0.490086 0.799999
      vertex -5 0 0.799999
    endloop
  endfacet
  facet normal 0.146716 -0.989179 0
    outer loop
      vertex -0.975451 4.90393 0.799999
      vertex -0.490086 4.97592 4
      vertex -0.975451 4.90393 4
    endloop
  endfacet
  facet normal 0.146716 -0.989179 0
    outer loop
      vertex -0.490086 4.97592 4
      vertex -0.975451 4.90393 0.799999
      vertex -0.490086 4.97592 0.799999
    endloop
  endfacet
  facet normal -0.998795 0.049075 0
    outer loop
      vertex 4.97592 -0.490086 0.799999
      vertex 5 0 4
      vertex 5 0 0.799999
    endloop
  endfacet
  facet normal -0.998795 0.049075 0
    outer loop
      vertex 5 0 4
      vertex 4.97592 -0.490086 0.799999
      vertex 4.97592 -0.490086 4
    endloop
  endfacet
  facet normal -0.970028 0.242992 0
    outer loop
      vertex 4.7847 -1.45142 0.799999
      vertex 4.90393 -0.975451 4
      vertex 4.90393 -0.975451 0.799999
    endloop
  endfacet
  facet normal -0.970028 0.242992 0
    outer loop
      vertex 4.90393 -0.975451 4
      vertex 4.7847 -1.45142 0.799999
      vertex 4.7847 -1.45142 4
    endloop
  endfacet
  facet normal 0.903988 0.427558 0
    outer loop
      vertex -4.40961 -2.35698 4
      vertex -4.6194 -1.91342 0.799999
      vertex -4.6194 -1.91342 4
    endloop
  endfacet
  facet normal 0.903988 0.427558 0
    outer loop
      vertex -4.6194 -1.91342 0.799999
      vertex -4.40961 -2.35698 4
      vertex -4.40961 -2.35698 0.799999
    endloop
  endfacet
  facet normal 0.514103 -0.857728 0
    outer loop
      vertex -2.77785 4.15735 0.799999
      vertex -2.35698 4.40961 4
      vertex -2.77785 4.15735 4
    endloop
  endfacet
  facet normal 0.514103 -0.857728 0
    outer loop
      vertex -2.35698 4.40961 4
      vertex -2.77785 4.15735 0.799999
      vertex -2.35698 4.40961 0.799999
    endloop
  endfacet
  facet normal -0.903988 -0.427558 0
    outer loop
      vertex 4.6194 1.91342 0.799999
      vertex 4.40961 2.35698 4
      vertex 4.40961 2.35698 0.799999
    endloop
  endfacet
  facet normal -0.903988 -0.427558 0
    outer loop
      vertex 4.40961 2.35698 4
      vertex 4.6194 1.91342 0.799999
      vertex 4.6194 1.91342 4
    endloop
  endfacet
  facet normal 0.514103 0.857728 -0
    outer loop
      vertex -2.35698 -4.40961 0.799999
      vertex -2.77785 -4.15735 4
      vertex -2.35698 -4.40961 4
    endloop
  endfacet
  facet normal 0.514103 0.857728 0
    outer loop
      vertex -2.77785 -4.15735 4
      vertex -2.35698 -4.40961 0.799999
      vertex -2.77785 -4.15735 0.799999
    endloop
  endfacet
  facet normal 0.242992 0.970028 -0
    outer loop
      vertex -0.975451 -4.90393 0.799999
      vertex -1.45142 -4.7847 4
      vertex -0.975451 -4.90393 4
    endloop
  endfacet
  facet normal 0.242992 0.970028 0
    outer loop
      vertex -1.45142 -4.7847 4
      vertex -0.975451 -4.90393 0.799999
      vertex -1.45142 -4.7847 0.799999
    endloop
  endfacet
  facet normal 0.998795 -0.049075 0
    outer loop
      vertex -5 0 4
      vertex -4.97592 0.490086 0.799999
      vertex -4.97592 0.490086 4
    endloop
  endfacet
  facet normal 0.998795 -0.049075 0
    outer loop
      vertex -4.97592 0.490086 0.799999
      vertex -5 0 4
      vertex -5 0 0.799999
    endloop
  endfacet
  facet normal 0.740943 0.671568 0
    outer loop
      vertex -3.53553 -3.53553 4
      vertex -3.86505 -3.17197 0.799999
      vertex -3.86505 -3.17197 4
    endloop
  endfacet
  facet normal 0.740943 0.671568 0
    outer loop
      vertex -3.86505 -3.17197 0.799999
      vertex -3.53553 -3.53553 4
      vertex -3.53553 -3.53553 0.799999
    endloop
  endfacet
  facet normal 0.5957 -0.803207 0
    outer loop
      vertex -3.17197 3.86505 0.799999
      vertex -2.77785 4.15735 4
      vertex -3.17197 3.86505 4
    endloop
  endfacet
  facet normal 0.5957 -0.803207 0
    outer loop
      vertex -2.77785 4.15735 4
      vertex -3.17197 3.86505 0.799999
      vertex -2.77785 4.15735 0.799999
    endloop
  endfacet
  facet normal 0.989179 -0.146716 0
    outer loop
      vertex -4.97592 0.490086 4
      vertex -4.90393 0.975451 0.799999
      vertex -4.90393 0.975451 4
    endloop
  endfacet
  facet normal 0.989179 -0.146716 0
    outer loop
      vertex -4.90393 0.975451 0.799999
      vertex -4.97592 0.490086 4
      vertex -4.97592 0.490086 0.799999
    endloop
  endfacet
  facet normal -0.336879 -0.941548 0
    outer loop
      vertex 1.45142 4.7847 0.799999
      vertex 1.91342 4.6194 4
      vertex 1.45142 4.7847 4
    endloop
  endfacet
  facet normal -0.336879 -0.941548 -0
    outer loop
      vertex 1.91342 4.6194 4
      vertex 1.45142 4.7847 0.799999
      vertex 1.91342 4.6194 0.799999
    endloop
  endfacet
  facet normal -0.242992 -0.970028 0
    outer loop
      vertex 0.975451 4.90393 0.799999
      vertex 1.45142 4.7847 4
      vertex 0.975451 4.90393 4
    endloop
  endfacet
  facet normal -0.242992 -0.970028 -0
    outer loop
      vertex 1.45142 4.7847 4
      vertex 0.975451 4.90393 0.799999
      vertex 1.45142 4.7847 0.799999
    endloop
  endfacet
  facet normal -0.903988 0.427558 0
    outer loop
      vertex 4.40961 -2.35698 0.799999
      vertex 4.6194 -1.91342 4
      vertex 4.6194 -1.91342 0.799999
    endloop
  endfacet
  facet normal -0.903988 0.427558 0
    outer loop
      vertex 4.6194 -1.91342 4
      vertex 4.40961 -2.35698 0.799999
      vertex 4.40961 -2.35698 4
    endloop
  endfacet
  facet normal 0.803207 -0.5957 0
    outer loop
      vertex -4.15735 2.77785 4
      vertex -3.86505 3.17197 0.799999
      vertex -3.86505 3.17197 4
    endloop
  endfacet
  facet normal 0.803207 -0.5957 0
    outer loop
      vertex -3.86505 3.17197 0.799999
      vertex -4.15735 2.77785 4
      vertex -4.15735 2.77785 0.799999
    endloop
  endfacet
  facet normal 0.989179 0.146716 0
    outer loop
      vertex -4.90393 -0.975451 4
      vertex -4.97592 -0.490086 0.799999
      vertex -4.97592 -0.490086 4
    endloop
  endfacet
  facet normal 0.989179 0.146716 0
    outer loop
      vertex -4.97592 -0.490086 0.799999
      vertex -4.90393 -0.975451 4
      vertex -4.90393 -0.975451 0.799999
    endloop
  endfacet
  facet normal 0.941548 0.336879 0
    outer loop
      vertex -4.6194 -1.91342 4
      vertex -4.7847 -1.45142 0.799999
      vertex -4.7847 -1.45142 4
    endloop
  endfacet
  facet normal 0.941548 0.336879 0
    outer loop
      vertex -4.7847 -1.45142 0.799999
      vertex -4.6194 -1.91342 4
      vertex -4.6194 -1.91342 0.799999
    endloop
  endfacet
  facet normal -0.941548 0.336879 0
    outer loop
      vertex 4.6194 -1.91342 0.799999
      vertex 4.7847 -1.45142 4
      vertex 4.7847 -1.45142 0.799999
    endloop
  endfacet
  facet normal -0.941548 0.336879 0
    outer loop
      vertex 4.7847 -1.45142 4
      vertex 4.6194 -1.91342 0.799999
      vertex 4.6194 -1.91342 4
    endloop
  endfacet
  facet normal -0.336879 0.941548 0
    outer loop
      vertex 1.91342 -4.6194 0.799999
      vertex 1.45142 -4.7847 4
      vertex 1.91342 -4.6194 4
    endloop
  endfacet
  facet normal -0.336879 0.941548 0
    outer loop
      vertex 1.45142 -4.7847 4
      vertex 1.91342 -4.6194 0.799999
      vertex 1.45142 -4.7847 0.799999
    endloop
  endfacet
  facet normal 0.970028 -0.242992 0
    outer loop
      vertex -4.90393 0.975451 4
      vertex -4.7847 1.45142 0.799999
      vertex -4.7847 1.45142 4
    endloop
  endfacet
  facet normal 0.970028 -0.242992 0
    outer loop
      vertex -4.7847 1.45142 0.799999
      vertex -4.90393 0.975451 4
      vertex -4.90393 0.975451 0.799999
    endloop
  endfacet
  facet normal 0.857728 -0.514103 0
    outer loop
      vertex -4.40961 2.35698 4
      vertex -4.15735 2.77785 0.799999
      vertex -4.15735 2.77785 4
    endloop
  endfacet
  facet normal 0.857728 -0.514103 0
    outer loop
      vertex -4.15735 2.77785 0.799999
      vertex -4.40961 2.35698 4
      vertex -4.40961 2.35698 0.799999
    endloop
  endfacet
  facet normal -0.671568 0.740943 0
    outer loop
      vertex 3.53553 -3.53553 0.799999
      vertex 3.17197 -3.86505 4
      vertex 3.53553 -3.53553 4
    endloop
  endfacet
  facet normal -0.671568 0.740943 0
    outer loop
      vertex 3.17197 -3.86505 4
      vertex 3.53553 -3.53553 0.799999
      vertex 3.17197 -3.86505 0.799999
    endloop
  endfacet
endsolid OpenSCAD_Model
